date,postal_code,latitude,longitude,healthy,sick_guess_no_corona,sick_guess_corona,sick_corona_confirmed,recovered_confirmed,recovered_not_confirmed
2020-04-22,76800,20.4433,-99.9708,5,0,0,0,0,0
2020-04-22,10000,19.3155,-99.2406,1,0,0,0,0,0
2020-04-22,76848,20.2971,-100.023,1,0,0,0,0,0
2020-04-22,76844,20.3336,-99.9906,1,0,0,0,0,0
2020-04-22,76823,20.3557,-100.127,1,0,0,0,0,0
2020-04-22,72768,19.0803,-98.2973,6,0,0,0,0,0
2020-04-22,20010,21.9644,-102.319,2,0,1,0,0,0
2020-04-22,72830,18.9355,-98.3996,4,0,0,0,0,0
2020-04-22,52160,19.2508,-99.6081,1,0,0,0,0,0
2020-04-22,72764,19.0576,-98.3323,4,0,0,0,0,0
2020-04-22,72754,19.0782,-98.3089,1,0,0,0,0,0
2020-04-22,72755,19.0674,-98.3057,1,0,0,0,0,0
2020-04-22,72810,19.0473,-98.2944,4,0,0,0,0,0
2020-04-22,72505,19.0313,-98.1916,1,0,0,0,0,0
2020-04-22,72227,19.0901,-98.157,1,0,0,0,0,0
2020-04-22,68000,17.0654,-96.7236,1,0,0,0,0,0
2020-04-22,72474,18.9987,-98.2296,0,0,0,0,0,1
2020-04-22,72700,19.0836,-98.2632,3,0,1,0,0,0
2020-04-22,72110,19.0701,-98.2052,1,0,1,0,0,0
2020-04-22,76000,20.7287,-100.453,3,0,0,0,0,1
2020-04-22,83960,30.4316,-112.066,1,0,0,0,0,0
2020-04-22,76125,20.6313,-100.414,3,0,0,0,0,0
2020-04-22,72814,19.0548,-98.2778,1,0,0,0,0,0
2020-04-22,92770,20.9096,-97.4327,2,0,0,0,0,0
2020-04-22,38500,20.4478,-100.624,3,0,0,0,0,0
2020-04-22,64000,25.7334,-100.332,2,0,0,0,0,0
2020-04-22,72760,19.0617,-98.3109,6,0,0,0,0,0
2020-04-22,72530,19.0441,-98.1901,26,1,1,0,0,0
2020-04-22,72825,19.027,-98.2568,3,0,0,0,0,0
2020-04-22,62847,18.9356,-98.9148,1,0,0,0,0,0
2020-04-22,54604,19.6958,-99.2608,1,0,0,0,0,0
2020-04-22,62260,18.9389,-99.2632,2,0,0,0,0,0
2020-04-22,90300,19.4233,-98.1273,2,0,0,0,0,0
2020-04-22,48310,20.6742,-105.203,1,0,1,0,0,0
2020-04-22,94510,18.9192,-96.9363,2,0,0,0,0,0
2020-04-22,94300,18.8508,-97.098,3,0,0,0,0,0
2020-04-22,22785,31.7846,-116.589,2,0,0,0,0,0
2020-04-22,94520,18.8986,-96.9623,1,0,0,0,0,0
2020-04-22,16610,19.2453,-99.0904,2,0,0,0,0,0
2020-04-22,42760,20.1674,-99.2898,1,0,0,0,0,0
2020-04-22,94540,18.9206,-96.9473,1,0,0,0,0,0
2020-04-22,68220,17.2403,-96.8205,1,0,0,0,0,0
2020-04-22,96997,17.2157,-94.398,1,0,0,0,0,0
2020-04-22,48290,20.6782,-105.204,3,0,0,0,0,0
2020-04-22,94534,18.9028,-96.9497,1,0,0,0,0,0
2020-04-22,45019,20.7038,-103.449,4,0,0,0,0,0
2020-04-22,55793,19.7413,-99.07,1,0,0,0,0,0
2020-04-22,48328,20.6955,-105.133,2,0,0,0,0,0
2020-04-22,29014,16.7119,-93.1026,1,0,0,0,0,0
2020-04-22,67177,25.8096,-100.292,1,0,0,0,0,0
2020-04-22,94542,18.8908,-96.9744,0,1,0,0,0,0
2020-04-22,40200,18.5463,-99.6024,0,1,0,0,0,0
2020-04-22,83560,31.3954,-113.478,1,0,0,0,0,0
2020-04-22,91200,19.5644,-96.8915,2,0,0,0,0,0
2020-04-22,91910,19.1857,-96.2215,1,0,0,0,0,0
2020-04-22,62757,18.8568,-98.9391,3,0,0,0,0,0
2020-04-22,39000,17.5329,-99.5091,0,0,1,0,0,0
2020-04-22,76090,20.6483,-100.376,4,0,0,0,0,0
2020-04-22,96730,17.8135,-94.4512,1,0,0,0,0,0
2020-04-22,44790,20.649,-103.345,2,0,0,0,0,0
2020-04-22,25700,26.9335,-101.38,1,0,0,0,0,0
2020-04-22,62040,18.9107,-99.2309,2,0,0,0,0,0
2020-04-22,42035,20.1021,-98.7823,2,0,0,0,0,0
2020-04-22,76226,20.7359,-100.448,5,1,0,0,0,0
2020-04-22,99150,23.1478,-102.813,1,0,0,0,0,0
2020-04-22,54800,19.6802,-99.1768,1,0,0,0,0,0
2020-04-22,30650,14.8616,-92.4638,0,0,1,0,0,0
2020-04-22,89060,22.7033,-98.4753,1,0,0,0,0,0
2020-04-22,56247,19.5082,-98.8192,2,0,0,0,0,0
2020-04-22,76146,20.6589,-100.416,2,0,0,0,0,0
2020-04-22,86950,17.8439,-91.2642,1,0,0,0,0,0
2020-04-22,73300,19.8455,-98.0643,2,0,0,0,0,0
2020-04-22,77310,21.5239,-87.378,1,0,0,0,0,0
2020-04-22,83354,29.3006,-111.712,1,0,0,0,0,0
2020-04-22,72750,19.0771,-98.308,1,0,0,0,0,0
2020-04-22,45089,20.6955,-103.455,1,0,0,0,0,0
2020-04-22,20908,21.9544,-102.314,3,0,0,0,0,0
2020-04-22,58168,19.7119,-101.204,1,0,0,0,0,0
2020-04-22,94906,18.7265,-96.6875,1,0,0,0,0,0
2020-04-22,62764,18.8441,-99.174,1,0,0,0,0,0
2020-04-22,72705,19.0886,-98.2806,1,0,0,0,0,0
2020-04-22,72980,19.0441,-98.0452,1,1,0,0,0,0
2020-04-22,56260,19.4792,-98.9011,1,0,0,0,0,0
2020-04-22,44100,20.6734,-103.358,2,3,0,0,0,0
2020-04-22,73313,19.9583,-98.0028,1,0,0,0,0,0
2020-04-22,94273,19.0385,-96.1797,1,0,0,0,0,0
2020-04-22,93910,19.8681,-96.7828,1,0,0,0,0,0
2020-04-22,96510,18.149,-94.4447,2,0,0,0,0,0
2020-04-22,51370,19.2478,-99.7436,1,0,0,0,0,0
2020-04-22,76148,20.6431,-100.391,3,0,1,0,0,1
2020-04-22,38931,20.2162,-100.95,1,0,0,0,0,0
2020-04-22,47830,20.3975,-102.724,1,0,0,0,0,0
2020-04-22,45653,20.5039,-103.39,3,0,0,0,0,0
2020-04-22,91809,19.1885,-96.2589,2,0,0,0,0,0
2020-04-22,50071,19.2879,-99.6532,4,1,0,0,0,0
2020-04-22,74570,18.5827,-98.4465,1,0,0,0,0,0
2020-04-22,38096,20.5392,-100.765,1,0,0,0,0,0
2020-04-22,89602,22.4758,-98.0311,1,0,0,0,0,0
2020-04-22,54740,19.6543,-99.2197,13,0,1,0,0,0
2020-04-22,15600,19.4254,-99.0667,1,0,0,0,0,0
2020-04-22,45660,20.4232,-103.4,1,0,0,0,0,0
2020-04-22,55883,19.6028,-98.9796,1,0,0,0,0,0
2020-04-22,95840,18.596,-95.4458,1,0,0,0,0,0
2020-04-22,14000,19.2951,-99.1621,3,1,0,0,0,0
2020-04-22,14710,19.2212,-99.1948,2,1,0,0,0,0
2020-04-22,56334,19.4364,-98.9473,7,0,0,0,0,0
2020-04-22,55210,19.5932,-98.9928,3,0,0,0,0,0
2020-04-22,42088,20.1123,-98.7831,1,0,0,0,0,0
2020-04-22,15410,19.4485,-99.0968,1,0,0,0,0,0
2020-04-22,55139,19.5302,-99.0327,1,0,0,0,0,0
2020-04-22,54725,19.6669,-99.2296,4,0,0,0,0,0
2020-04-22,94908,18.7473,-96.7852,0,0,1,0,0,0
2020-04-22,42403,20.3864,-99.664,1,0,0,0,0,0
2020-04-22,53100,19.5079,-99.2378,3,0,0,0,0,0
2020-04-22,54180,19.5225,-99.1183,5,0,0,0,0,0
2020-04-22,16749,19.2588,-99.0185,1,0,0,0,0,0
2020-04-22,38300,20.485,-100.966,3,0,0,0,0,0
2020-04-22,13420,19.2865,-98.9949,4,1,0,0,0,1
2020-04-22,42836,20.0145,-99.3483,0,0,1,0,0,0
2020-04-22,95756,18.6294,-95.2376,1,0,0,0,0,0
2020-04-22,10900,19.2971,-99.2436,3,0,0,0,0,0
2020-04-22,74220,18.8662,-98.4315,1,0,0,0,0,0
2020-04-22,56617,19.28,-98.9418,2,1,0,0,0,0
2020-04-22,50280,19.3365,-99.6892,1,0,0,0,0,0
2020-04-22,62220,18.9739,-99.2215,1,0,0,0,0,0
2020-04-22,54110,19.571,-99.1892,3,0,1,0,0,0
2020-04-22,54918,19.6492,-99.1605,1,0,0,0,0,0
2020-04-22,62570,18.9037,-99.1609,3,0,0,0,0,0
2020-04-22,14500,19.2026,-99.1419,2,0,0,0,0,0
2020-04-22,62584,18.8431,-99.2334,1,0,0,0,0,0
2020-04-22,73049,20.4708,-97.7147,1,0,0,0,0,0
2020-04-22,76117,20.6452,-100.47,1,0,0,0,0,0
2020-04-22,56360,19.4379,-98.9668,0,1,0,0,0,0
2020-04-22,86597,17.9776,-93.3675,0,1,0,0,0,0
2020-04-22,55299,19.4941,-99.031,3,0,0,0,0,0
2020-04-22,94474,18.9021,-97.0032,1,0,0,0,0,0
2020-04-22,54140,19.5426,-99.1679,1,2,0,0,0,0
2020-04-22,56567,19.3576,-98.8477,0,1,0,0,0,0
2020-04-22,56577,19.327,-98.8641,3,0,0,0,0,0
2020-04-22,56006,19.5947,-98.9272,1,0,0,0,0,0
2020-04-22,96523,18.1467,-94.4607,2,0,0,0,0,0
2020-04-22,59122,20.2297,-102.624,1,0,0,0,0,0
2020-04-22,93828,19.9873,-96.9062,0,1,0,0,0,0
2020-04-22,54608,19.7184,-99.268,1,0,0,0,0,0
2020-04-22,54715,19.6837,-99.2163,5,1,0,0,0,0
2020-04-22,56680,19.2339,-98.8612,1,0,0,0,0,0
2020-04-22,96700,17.9831,-94.5434,1,0,0,0,0,0
2020-04-22,56255,19.4442,-98.8843,2,1,0,0,0,0
2020-04-22,50228,19.3242,-99.5916,2,0,0,0,0,0
2020-04-22,74210,18.9196,-98.4256,1,0,0,0,0,0
2020-04-22,45645,20.5217,-103.469,3,0,1,0,0,0
2020-04-22,62763,18.8395,-99.1881,1,0,0,0,0,0
2020-04-22,50850,19.4675,-99.5941,1,0,0,0,0,0
2020-04-22,11100,19.4121,-99.205,1,0,0,0,0,0
2020-04-22,54750,19.6449,-99.2058,2,0,0,0,0,0
2020-04-22,91637,19.4569,-96.8034,3,0,0,0,0,0
2020-04-22,13280,19.2906,-99.0528,1,0,0,0,0,0
2020-04-22,38900,20.2033,-100.892,0,1,0,0,0,0
2020-04-22,55970,19.7895,-98.7228,1,0,0,0,0,0
2020-04-22,76803,20.4028,-99.9946,1,0,0,0,0,0
2020-04-22,76085,20.6419,-100.452,1,0,0,0,0,0
2020-04-22,52050,19.3925,-99.4604,1,0,0,0,0,0
2020-04-22,44670,20.6436,-103.347,2,0,0,0,0,0
2020-04-22,45134,20.7874,-103.457,4,0,0,0,0,0
2020-04-22,94100,19.3977,-96.9904,2,0,0,0,0,0
2020-04-22,45010,20.6958,-103.455,1,0,1,0,0,0
2020-04-22,55430,19.5531,-99.0404,1,1,0,0,0,0
2020-04-22,50230,19.363,-99.5706,2,0,0,0,0,0
2020-04-22,56055,19.5634,-98.8583,1,0,0,0,0,0
2020-04-22,54745,19.6491,-99.2549,1,0,0,0,0,0
2020-04-22,45410,20.589,-103.23,5,0,0,0,0,0
2020-04-22,55076,19.5729,-99.0433,2,0,0,0,0,0
2020-04-22,92100,21.3319,-98.1821,1,0,0,0,0,0
2020-04-22,56370,19.3924,-98.8992,7,0,0,0,0,0
2020-04-22,16240,19.2281,-99.1417,1,0,0,0,0,0
2020-04-22,56900,19.146,-98.8102,1,0,1,0,0,0
2020-04-22,52336,19.0336,-99.5619,1,0,0,0,0,0
2020-04-22,66646,25.7561,-100.157,2,0,0,0,0,0
2020-04-22,50170,19.2668,-99.6752,2,0,0,0,0,0
2020-04-22,91680,19.3591,-96.3599,2,0,0,0,0,0
2020-04-22,55190,19.5513,-99.0274,1,0,0,0,0,0
2020-04-22,76913,20.5706,-100.443,2,0,0,0,0,1
2020-04-22,28063,19.1603,-103.675,1,0,0,0,0,0
2020-04-22,50226,19.3333,-99.5667,3,0,0,0,0,0
2020-04-22,16090,19.2518,-99.0615,2,0,0,0,0,0
2020-04-22,54963,19.6743,-99.1367,2,0,0,0,0,0
2020-04-22,55850,19.7032,-98.8357,1,0,0,0,0,0
2020-04-22,96740,17.817,-94.4568,1,0,0,0,0,0
2020-04-22,53140,19.5293,-99.2404,4,0,0,0,0,0
2020-04-22,54840,19.6973,-99.1649,2,1,0,0,0,0
2020-04-22,76246,20.5786,-100.289,1,0,0,0,0,0
2020-04-22,55070,19.6085,-99.0011,14,0,0,0,0,0
2020-04-22,56428,19.3623,-98.9906,1,0,0,0,0,0
2020-04-22,13363,19.341,-99.0821,1,0,0,0,0,0
2020-04-22,56335,19.4178,-98.9381,2,0,0,0,0,0
2020-04-22,54434,19.622,-99.3696,1,0,0,0,0,0
2020-04-22,54729,19.6791,-99.2065,1,0,0,0,0,0
2020-04-22,55268,19.5155,-99.0214,2,0,0,0,0,0
2020-04-22,51584,18.5627,-100.318,1,0,0,0,0,0
2020-04-22,14390,19.2752,-99.1503,6,0,0,0,0,0
2020-04-22,56616,19.2764,-98.9484,2,0,0,0,0,0
2020-04-22,72000,19.0479,-98.1907,7,0,0,0,0,0
2020-04-22,56240,19.5244,-98.8173,1,0,0,0,0,0
2020-04-22,56100,19.5129,-98.8825,2,0,0,0,0,0
2020-04-22,57000,19.4337,-99.0375,12,2,2,0,0,1
2020-04-22,14330,19.2995,-99.1123,3,0,0,0,0,0
2020-04-22,14640,19.2721,-99.1464,0,0,1,0,0,0
2020-04-22,75487,18.8863,-97.7288,1,0,0,0,0,0
2020-04-22,57185,19.463,-99.0407,3,1,0,0,0,0
2020-04-22,52400,18.9652,-99.5813,1,0,0,0,0,0
2020-04-22,76110,20.6284,-100.435,2,0,0,0,0,0
2020-04-22,75679,18.7505,-97.6599,1,0,0,0,0,0
2020-04-22,55785,19.6879,-99.0534,1,0,0,0,0,0
2020-04-22,55260,19.5056,-99.0197,2,0,0,0,0,0
2020-04-22,15900,19.4157,-99.1055,5,0,1,1,0,1
2020-04-22,50220,19.3333,-99.5667,1,0,0,0,0,0
2020-04-22,54803,19.6569,-99.1866,4,0,0,0,0,0
2020-04-22,75680,18.6908,-97.6762,1,0,0,0,0,0
2020-04-22,56525,19.3709,-98.9488,2,0,0,0,0,0
2020-04-22,73885,19.8148,-97.3677,1,0,0,0,0,0
2020-04-22,54060,19.532,-99.2125,4,0,0,0,0,0
2020-04-22,54026,19.5428,-99.1701,1,0,0,0,0,0
2020-04-22,54196,19.5285,-99.1017,1,0,0,0,0,0
2020-04-22,50210,19.3067,-99.6424,1,1,0,0,0,0
2020-04-22,56530,19.3168,-98.8791,7,0,0,0,0,0
2020-04-22,16430,19.2493,-99.0871,1,0,0,0,0,0
2020-04-22,75483,18.8765,-97.7204,1,0,0,0,0,0
2020-04-22,97205,21.069,-89.5933,1,0,0,0,0,0
2020-04-22,93210,20.5432,-97.4354,1,0,0,0,0,0
2020-04-22,56338,19.4052,-98.9486,1,0,1,0,0,0
2020-04-22,14273,19.2645,-99.2289,1,0,0,0,0,0
2020-04-22,11410,19.456,-99.1903,2,1,1,0,0,1
2020-04-22,64530,25.6817,-100.307,2,0,0,0,0,0
2020-04-22,62746,18.8474,-98.9903,2,0,0,0,0,0
2020-04-22,72724,19.079,-98.2561,1,0,0,0,0,0
2020-04-22,66640,25.7638,-100.203,1,0,0,0,0,0
2020-04-22,54023,19.5551,-99.2221,2,0,0,0,0,0
2020-04-22,51360,19.2897,-99.8236,1,0,0,0,0,0
2020-04-22,54945,19.6115,-99.153,4,0,0,0,0,0
2020-04-22,55700,19.6265,-99.0977,5,0,0,0,0,0
2020-04-22,50209,19.3744,-99.6157,2,0,0,0,0,0
2020-04-22,55713,19.6323,-99.0776,1,0,0,0,0,0
2020-04-22,72016,19.0893,-98.1875,2,0,0,0,0,0
2020-04-22,55120,19.5493,-99.019,10,0,0,0,0,0
2020-04-22,56535,19.3025,-98.8879,1,0,0,0,0,0
2020-04-22,56607,19.2676,-98.9107,5,0,0,0,0,0
2020-04-22,62700,18.749,-98.978,1,0,0,0,0,0
2020-04-22,93558,20.4396,-97.1137,1,0,0,0,0,0
2020-04-22,55130,19.5288,-99.0314,4,0,0,0,0,0
2020-04-22,76910,20.5627,-100.463,3,0,0,0,0,0
2020-04-22,57100,19.4725,-99.0474,4,0,0,0,0,1
2020-04-22,73173,20.1646,-98.0452,1,0,0,0,0,0
2020-04-22,47069,21.242,-102.32,1,0,0,0,0,0
2020-04-22,55749,19.702,-98.9755,6,0,1,0,0,0
2020-04-22,54786,19.7557,-99.1899,6,0,0,0,0,0
2020-04-22,76118,20.6741,-100.387,5,0,0,1,0,0
2020-04-22,47252,21.6806,-102.59,1,0,0,0,0,0
2020-04-22,72494,18.9763,-98.2197,2,0,0,0,0,0
2020-04-22,49011,19.7303,-103.49,1,0,0,0,0,0
2020-04-22,91000,19.5227,-96.9155,4,0,1,0,0,0
2020-04-22,76920,20.4936,-100.432,0,1,0,0,0,0
2020-04-22,44190,20.676,-103.336,2,0,0,0,0,0
2020-04-22,36748,20.5289,-101.141,1,0,0,0,0,0
2020-04-22,76750,20.5426,-99.9086,2,0,0,1,0,0
2020-04-22,55188,19.5513,-99.0274,1,0,0,0,0,0
2020-04-22,55270,19.4782,-99.1965,4,1,0,0,0,0
2020-04-22,55614,19.8358,-99.0792,0,1,0,0,0,0
2020-04-22,49000,19.7303,-103.49,4,0,0,0,0,0
2020-04-22,55764,19.6448,-99.0146,8,0,0,0,0,0
2020-04-22,76160,20.7864,-100.489,1,0,0,0,0,0
2020-04-22,94734,18.8338,-97.1567,1,0,0,0,0,0
2020-04-22,72815,19.0513,-98.3034,1,0,0,0,0,0
2020-04-22,50110,19.2776,-99.6707,3,0,0,0,0,0
2020-04-22,44820,20.5974,-103.323,3,0,0,0,0,0
2020-04-22,72410,19.0481,-98.2176,3,0,0,0,0,0
2020-04-22,13700,19.2185,-98.9714,0,1,0,0,0,0
2020-04-22,91247,19.4238,-96.9644,1,0,0,0,0,0
2020-04-22,55738,19.6042,-99.1442,1,0,0,0,0,0
2020-04-22,75486,18.8737,-97.7465,1,0,0,0,0,0
2020-04-22,38035,20.5585,-100.786,1,0,0,0,0,0
2020-04-22,38016,20.42,-100.851,2,0,0,0,0,0
2020-04-22,37984,20.9932,-100.377,1,0,0,0,0,0
2020-04-22,56613,19.2703,-98.9509,2,0,0,0,0,0
2020-04-22,52680,19.1774,-99.408,1,0,0,0,0,0
2020-04-22,54870,19.7558,-99.0317,2,0,0,0,0,0
2020-04-22,55020,19.6024,-99.0508,7,0,0,0,0,0
2020-04-22,54054,19.5271,-99.2275,1,0,0,0,0,0
2020-04-22,54405,19.607,-99.306,1,0,0,0,0,0
2020-04-22,13278,19.3964,-99.0699,3,0,0,0,0,0
2020-04-22,55607,19.7584,-99.0547,1,0,0,0,0,1
2020-04-22,45067,20.7949,-103.494,1,0,0,0,0,0
2020-04-22,72470,19.0116,-98.201,2,0,0,0,0,0
2020-04-22,56641,19.2361,-98.8429,1,0,0,0,0,0
2020-04-22,91826,19.2126,-96.2336,1,0,0,0,0,0
2020-04-22,42185,20.0582,-98.7631,3,0,0,0,0,0
2020-04-22,53426,19.4601,-99.2758,5,0,0,0,0,0
2020-04-22,67188,25.674,-100.197,3,0,0,0,0,0
2020-04-22,53658,19.4438,-99.3167,1,0,0,0,0,0
2020-04-22,15970,19.4244,-99.1174,2,0,0,0,0,0
2020-04-22,53427,19.4602,-99.2743,1,1,0,0,0,0
2020-04-22,72992,19.0458,-98.0842,1,0,0,0,0,0
2020-04-22,72050,19.0643,-98.2039,3,0,0,0,0,0
2020-04-22,91196,19.3136,-96.9647,1,0,0,0,0,0
2020-04-22,55050,19.5984,-99.0286,1,1,0,0,0,0
2020-04-22,44410,20.6996,-103.308,2,0,0,0,0,0
2020-04-22,56383,19.4078,-98.8766,2,1,0,0,0,0
2020-04-22,45133,20.7841,-103.438,2,0,0,0,0,0
2020-04-22,45654,20.5246,-103.392,4,1,0,0,0,0
2020-04-22,54696,19.8643,-99.2247,2,0,0,0,0,0
2020-04-22,14700,19.222,-99.2024,4,0,0,0,0,0
2020-04-22,92854,20.9019,-97.4254,1,0,0,0,0,0
2020-04-22,48815,19.668,-104.698,1,0,0,0,0,0
2020-04-22,55763,19.6449,-99.0268,6,2,0,0,0,0
2020-04-22,55024,19.5961,-99.0548,5,0,0,0,0,0
2020-04-22,96729,17.6649,-94.3772,1,0,0,0,0,0
2020-04-22,92850,20.9299,-97.3951,1,0,0,0,0,0
2020-04-22,45138,20.7498,-103.467,8,0,0,0,0,0
2020-04-22,54710,19.6739,-99.2429,3,0,1,0,0,0
2020-04-22,52104,19.2631,-99.5436,2,1,0,0,0,1
2020-04-22,11520,19.4407,-99.1964,2,0,0,0,0,0
2020-04-22,56340,19.4009,-98.9655,3,0,0,0,0,0
2020-04-22,14370,19.2947,-99.1493,1,1,0,0,0,0
2020-04-22,57400,19.4301,-99.0446,1,0,0,0,0,1
2020-04-22,11289,19.4543,-99.1998,1,0,0,0,0,0
2020-04-22,11320,19.4514,-99.1723,10,0,0,0,0,0
2020-04-22,47750,20.5412,-102.527,1,0,0,0,0,0
2020-04-22,57700,19.3999,-99.0232,3,0,0,0,0,0
2020-04-22,74900,18.4607,-97.831,1,0,0,0,0,0
2020-04-22,49979,19.6014,-102.946,1,0,0,0,0,0
2020-04-22,53296,19.4835,-99.2679,2,0,0,0,0,0
2020-04-22,10640,19.3028,-99.252,3,0,0,0,0,0
2020-04-22,53125,19.5128,-99.2634,1,0,0,0,0,0
2020-04-22,32160,31.6234,-106.523,1,0,0,0,0,0
2020-04-22,57130,19.4813,-99.0465,2,2,0,0,0,0
2020-04-22,54935,19.6755,-99.0988,2,0,0,0,0,0
2020-04-22,53040,19.4712,-99.2927,1,0,0,0,0,0
2020-04-22,52940,19.5933,-99.1934,4,0,1,0,0,0
2020-04-22,54769,19.6134,-99.1492,4,0,2,0,0,0
2020-04-22,45601,20.5877,-103.384,2,0,0,0,0,0
2020-04-22,51355,19.2871,-99.7425,3,0,0,0,0,0
2020-04-22,72490,18.993,-98.2301,2,1,0,0,0,0
2020-04-22,73680,19.8693,-97.5912,2,0,0,0,0,0
2020-04-22,38057,20.5924,-100.852,1,0,0,0,0,0
2020-04-22,52080,19.4168,-99.5587,2,0,0,0,0,0
2020-04-22,76830,20.387,-99.9363,1,0,0,0,0,0
2020-04-22,55743,19.7395,-98.9715,1,1,0,0,0,0
2020-04-22,13530,19.2542,-98.9996,1,0,0,0,0,0
2020-04-22,60300,19.6528,-102.395,1,0,0,0,0,0
2020-04-22,55720,19.6069,-98.9967,1,0,0,0,1,0
2020-04-22,55728,19.6184,-99.0571,2,0,0,0,0,0
2020-04-22,50285,19.3545,-99.6934,1,0,0,0,0,0
2020-04-22,57630,19.399,-99.0446,3,0,0,0,0,0
2020-04-22,52949,19.5837,-99.2656,2,0,1,0,0,0
2020-04-22,38240,20.6141,-101.019,1,0,0,0,0,0
2020-04-22,72080,19.0604,-98.1977,2,0,0,0,0,0
2020-04-22,53240,19.4887,-99.2552,1,0,1,0,0,0
2020-04-22,86029,18.066,-92.8826,1,0,0,0,0,0
2020-04-22,57179,19.4699,-99.046,1,0,0,0,0,0
2020-04-22,96400,18.1367,-94.5186,1,1,0,0,0,0
2020-04-22,55810,19.7071,-98.8545,0,1,0,0,0,0
2020-04-22,54059,19.5428,-99.1701,1,0,0,0,0,0
2020-04-22,54926,19.6741,-99.0766,1,0,0,0,0,0
2020-04-22,94640,18.8985,-96.9311,1,0,0,0,0,0
2020-04-22,54719,19.6939,-99.2325,3,0,0,0,0,0
2020-04-22,47183,20.7302,-102.293,1,0,0,0,0,0
2020-04-22,13400,19.2893,-99.0014,3,1,0,0,0,0
2020-04-22,38260,20.5274,-100.984,1,0,0,0,0,0
2020-04-22,45056,20.6955,-103.455,1,1,0,0,0,0
2020-04-22,66450,25.7544,-100.356,1,0,0,0,0,0
2020-04-22,45589,20.5945,-103.304,1,0,0,0,0,0
2020-04-22,45816,20.3345,-103.329,1,0,0,0,0,0
2020-04-22,86930,17.7957,-91.419,1,0,0,0,0,0
2020-04-22,56600,19.268,-98.8886,6,0,0,0,0,0
2020-04-22,13090,19.2251,-98.9641,2,0,1,0,0,0
2020-04-22,16500,19.2462,-99.0734,3,0,0,0,0,0
2020-04-22,56806,19.0196,-98.8018,1,0,0,0,0,0
2020-04-22,55243,19.504,-99.0337,1,0,0,0,0,0
2020-04-22,72225,19.0706,-98.1471,1,0,0,0,0,0
2020-04-22,86670,18.2551,-93.1755,1,0,0,0,0,0
2020-04-22,90796,19.158,-98.2189,1,0,0,0,0,0
2020-04-22,44329,20.6567,-103.286,2,0,0,0,0,0
2020-04-22,56220,19.4825,-98.8665,2,0,0,0,0,1
2020-04-22,14350,19.3081,-99.1258,1,0,0,0,0,0
2020-04-22,29020,16.7303,-93.1409,1,0,0,0,0,0
2020-04-22,55712,19.6364,-99.0907,1,1,0,0,0,0
2020-04-22,48327,20.6492,-105.19,0,1,0,0,0,0
2020-04-22,45690,20.5531,-103.281,1,0,0,0,0,0
2020-04-22,92840,20.9489,-97.4144,1,0,0,0,0,0
2020-04-22,72495,18.9708,-98.2465,1,0,0,0,0,0
2020-04-22,75215,18.9406,-97.8805,1,0,0,0,0,0
2020-04-22,86230,18.2043,-93.0128,0,1,0,0,0,0
2020-04-22,56356,19.4254,-98.9712,6,0,0,0,0,0
2020-04-22,46200,22.1162,-103.261,2,0,0,0,0,0
2020-04-22,96529,18.1467,-94.4607,1,0,0,0,0,0
2020-04-22,72170,19.0697,-98.2521,1,0,0,0,0,0
2020-04-22,93400,20.4409,-97.3463,1,0,1,0,0,0
2020-04-22,48570,20.2174,-104.165,1,0,0,0,0,0
2020-04-22,36633,20.6783,-101.39,0,0,0,0,0,1
2020-04-22,44960,20.6347,-103.434,3,1,0,0,0,0
2020-04-22,76215,20.8345,-100.42,0,1,0,0,0,0
2020-04-22,14738,19.2616,-99.2375,1,0,0,0,0,0
2020-04-22,16029,19.2713,-99.1327,5,0,0,0,0,0
2020-04-22,11500,19.4419,-99.21,1,0,0,0,0,0
2020-04-22,44700,20.6406,-103.348,4,0,0,0,0,0
2020-04-22,43806,19.8418,-98.9716,1,0,0,0,0,0
2020-04-22,45080,20.7239,-103.466,2,0,0,0,0,0
2020-04-22,54900,19.6407,-99.1514,3,0,0,0,0,2
2020-04-22,55710,19.64,-99.095,8,0,0,0,0,0
2020-04-22,52175,19.2474,-99.5884,1,0,0,0,0,0
2020-04-22,52600,19.1695,-99.449,1,0,0,0,0,0
2020-04-22,45036,20.6955,-103.455,3,0,0,0,0,0
2020-04-22,64900,25.6565,-100.264,1,0,0,0,0,0
2020-04-22,36720,20.5644,-101.14,0,1,0,0,0,0
2020-04-22,62737,18.8981,-99.0329,1,0,0,0,0,0
2020-04-22,72030,19.0773,-98.2238,2,0,0,0,1,0
2020-04-22,56337,19.4085,-98.9495,2,0,0,0,0,0
2020-04-22,91808,19.2102,-96.2162,2,0,0,0,0,0
2020-04-22,62410,18.9241,-99.2273,2,0,0,0,0,0
2020-04-22,66360,25.7326,-100.498,1,0,0,0,0,0
2020-04-22,91018,19.5334,-96.8659,1,0,0,0,0,0
2020-04-22,62550,18.8838,-99.1699,1,0,0,0,0,0
2020-04-22,56400,19.3591,-98.9775,2,0,0,0,0,0
2020-04-22,72971,18.9022,-98.2219,1,0,0,0,0,0
2020-04-22,16770,19.2539,-99.0207,0,0,1,0,0,0
2020-04-22,52500,19.1769,-99.4885,3,0,0,0,0,0
2020-04-22,39358,16.8062,-99.761,0,1,0,0,0,0
2020-04-22,57940,19.4226,-99.0227,1,0,0,0,0,0
2020-04-22,54955,19.6059,-99.1818,2,0,0,0,0,0
2020-04-22,45200,20.8045,-103.475,6,1,0,0,0,0
2020-04-22,67720,24.8554,-99.5427,1,0,0,0,0,0
2020-04-22,14030,19.1983,-99.2063,2,0,0,0,0,0
2020-04-22,94330,18.8696,-97.1013,3,0,0,0,0,0
2020-04-22,50245,19.3024,-99.6243,1,0,0,0,0,0
2020-04-22,72219,19.107,-98.1593,1,0,0,0,0,0
2020-04-22,72567,19.0183,-98.1948,1,0,0,0,0,0
2020-04-22,15530,19.4348,-99.0886,1,1,0,0,0,0
2020-04-22,51020,19.3904,-100.106,1,0,0,0,0,0
2020-04-22,62577,18.9118,-99.1816,2,0,0,0,0,0
2020-04-22,57180,19.4571,-99.0479,1,0,0,0,0,1
2020-04-22,75855,18.485,-97.4051,1,0,0,0,0,0
2020-04-22,62755,18.8219,-98.9739,1,0,0,0,0,0
2020-04-22,54080,19.5189,-99.2041,2,0,4,0,0,2
2020-04-22,55450,19.5467,-99.042,3,0,0,0,0,0
2020-04-22,72140,19.0625,-98.2244,1,0,0,0,0,0
2020-04-22,72014,19.1048,-98.2034,1,0,0,0,0,0
2020-04-22,57840,19.3741,-98.9789,1,0,0,0,0,0
2020-04-22,55745,19.7423,-98.9458,1,0,0,0,0,0
2020-04-22,50233,19.3476,-99.5624,1,0,0,0,0,0
2020-04-22,56586,19.3246,-98.8891,2,0,0,0,0,0
2020-04-22,55799,19.7609,-99.0383,1,0,0,0,0,0
2020-04-22,72777,19.068,-98.2835,1,0,0,0,0,0
2020-04-22,14270,19.2663,-99.2032,2,0,0,0,0,0
2020-04-22,15640,19.4283,-99.0607,1,0,0,0,0,0
2020-04-22,54407,19.616,-99.303,0,0,1,0,0,0
2020-04-22,55040,19.5952,-99.0368,1,1,0,0,0,0
2020-04-22,45079,20.7203,-103.465,3,0,1,0,0,0
2020-04-22,54124,19.5428,-99.1701,1,0,0,0,0,0
2020-04-22,37803,21.1713,-100.853,1,0,0,0,0,0
2020-04-22,50060,19.3053,-99.6654,1,0,0,0,0,0
2020-04-22,57210,19.4319,-99.0388,8,0,0,0,0,0
2020-04-22,54685,19.818,-99.2416,2,0,0,0,0,0
2020-04-22,55014,19.6175,-99.0812,1,0,0,0,0,0
2020-04-22,15940,19.447,-99.1256,3,0,0,0,0,0
2020-04-22,72020,19.091,-98.2259,1,0,0,0,0,0
2020-04-22,53270,19.4762,-99.2608,3,0,0,0,0,0
2020-04-22,73966,19.8142,-97.3445,1,0,0,0,0,0
2020-04-22,75507,18.8571,-97.5674,1,0,0,0,0,0
2020-04-22,94690,18.9054,-96.9165,1,0,0,0,0,0
2020-04-22,55066,19.6117,-99.0075,3,0,0,0,0,0
2020-04-22,15850,19.413,-99.1244,1,0,1,0,0,0
2020-04-22,62376,18.9281,-99.1964,1,0,0,0,0,0
2020-04-22,44200,20.6557,-103.343,1,1,0,0,0,0
2020-04-22,72060,19.0463,-98.2108,1,0,0,0,0,0
2020-04-22,55770,19.6815,-99.014,5,0,0,0,0,0
2020-04-22,55634,19.765,-98.9991,2,0,0,0,0,0
2020-04-22,54965,19.6911,-99.1276,2,0,0,0,0,0
2020-04-22,45086,20.7452,-103.475,0,0,0,0,0,1
2020-04-22,54957,19.6044,-99.1543,2,0,0,0,0,0
2020-04-22,54695,19.8267,-99.2626,2,0,0,0,0,0
2020-04-22,45020,20.7154,-103.463,2,0,0,0,0,0
2020-04-22,62733,18.8756,-99.0614,1,0,0,0,0,0
2020-04-22,11590,19.4311,-99.1775,0,1,0,0,0,0
2020-04-22,45053,20.6955,-103.455,2,0,0,0,0,0
2020-04-22,76139,20.6972,-100.444,1,0,0,0,0,0
2020-04-22,72180,19.0462,-98.2364,2,0,0,0,0,0
2020-04-22,42084,20.1005,-98.7819,1,0,0,0,0,0
2020-04-22,16300,19.2783,-99.1067,1,0,0,0,0,0
2020-04-22,57440,19.4724,-99.0365,2,0,0,0,0,0
2020-04-22,54766,19.6147,-99.261,3,0,0,0,0,0
2020-04-22,91143,19.5328,-96.8912,1,0,0,0,0,0
2020-04-22,52743,19.2912,-99.4236,1,0,0,0,0,0
2020-04-22,73800,19.8901,-97.3472,2,0,0,0,0,0
2020-04-22,56310,19.5871,-98.9757,0,1,0,0,0,0
2020-04-22,75200,18.9763,-97.8959,1,0,0,0,0,1
2020-04-22,11200,19.4389,-99.2099,3,0,1,0,0,0
2020-04-22,44360,20.6712,-103.323,4,0,0,0,0,0
2020-04-22,86706,17.7602,-92.594,1,0,0,0,0,0
2020-04-22,62740,18.8312,-98.9571,1,0,0,0,0,0
2020-04-22,57310,19.4187,-99.0269,2,0,0,0,0,0
2020-04-22,44750,20.6355,-103.35,2,0,0,0,0,0
2020-04-22,91098,19.5014,-96.8866,1,0,0,0,0,0
2020-04-22,13200,19.277,-99.0028,3,0,0,0,0,1
2020-04-22,66354,25.7862,-100.358,1,0,0,0,0,0
2020-04-22,72070,19.0624,-98.2202,1,0,0,0,0,0
2020-04-22,12100,19.2172,-98.9966,1,0,1,0,0,0
2020-04-22,52179,19.2471,-99.5951,0,0,1,0,0,0
2020-04-22,16035,19.2638,-99.1053,6,1,0,0,0,0
2020-04-22,44870,20.5918,-103.322,3,0,0,0,0,0
2020-04-22,14470,19.2348,-99.1423,1,0,0,0,0,0
2020-04-22,91790,19.1527,-96.1475,1,0,0,0,0,0
2020-04-22,42803,20.0822,-99.3621,1,0,0,0,0,0
2020-04-22,57710,19.3936,-99.0263,3,0,2,0,0,0
2020-04-22,91709,19.181,-96.1429,1,0,0,0,0,0
2020-04-22,58088,19.6696,-101.216,1,0,0,0,0,0
2020-04-22,72176,19.031,-98.2331,1,0,0,0,0,0
2020-04-22,72702,19.1019,-98.2726,1,0,0,0,0,0
2020-04-22,57920,19.4226,-99.0227,2,0,0,0,0,0
2020-04-22,57820,19.4226,-99.0227,5,0,0,0,0,1
2020-04-22,54020,19.5447,-99.2034,8,0,0,0,0,0
2020-04-22,94720,18.8223,-97.1762,1,0,0,0,0,0
2020-04-22,54467,19.6215,-99.3449,2,0,0,0,0,0
2020-04-22,11430,19.4499,-99.1969,3,0,0,0,0,0
2020-04-22,45140,20.7828,-103.458,1,1,0,0,0,0
2020-04-22,55767,19.7098,-99.0641,4,0,0,0,0,0
2020-04-22,53459,19.4721,-99.2458,1,0,0,0,0,0
2020-04-22,76134,20.6259,-100.425,2,0,0,0,0,0
2020-04-22,55773,19.6834,-99.0234,2,0,0,0,0,0
2020-04-22,14387,19.2878,-99.1322,2,0,0,0,0,0
2020-04-22,56376,19.3956,-98.8939,4,0,0,0,0,0
2020-04-22,76116,20.6596,-100.459,4,0,1,0,0,0
2020-04-22,45070,20.7097,-103.461,3,1,0,0,0,0
2020-04-22,45629,20.5852,-103.302,1,0,0,0,0,0
2020-04-22,54049,19.5669,-99.1955,1,0,0,0,0,0
2020-04-22,13020,19.277,-99.0028,2,0,0,0,0,0
2020-04-22,55349,19.5215,-99.087,1,0,0,0,0,0
2020-04-22,55748,19.7138,-98.9688,1,0,0,0,0,0
2020-04-22,52923,19.5647,-99.274,0,1,0,0,0,0
2020-04-22,44270,20.649,-103.345,4,0,1,0,0,0
2020-04-22,55719,19.646,-99.0851,3,0,0,0,0,0
2020-04-22,55294,19.4941,-99.031,0,1,0,0,0,0
2020-04-22,54189,19.5174,-99.1053,4,1,1,0,1,0
2020-04-22,53790,19.4712,-99.2927,1,0,0,0,0,0
2020-04-22,44860,20.5828,-103.349,4,0,0,0,0,1
2020-04-22,55023,19.6128,-99.0539,1,0,0,0,0,0
2020-04-22,54783,19.7556,-99.1699,2,0,0,0,0,0
2020-04-22,55780,19.7458,-99.0914,1,0,0,0,0,0
2020-04-22,15400,19.4423,-99.0971,3,1,0,0,0,1
2020-04-22,42506,20.2837,-98.9535,1,0,0,0,0,0
2020-04-22,15500,19.4348,-99.0886,2,0,0,0,0,0
2020-04-22,54402,19.625,-99.3,2,0,0,0,0,0
2020-04-22,54930,19.6261,-99.1325,2,0,0,0,0,0
2020-04-22,57800,19.3911,-98.9836,1,0,0,0,0,0
2020-04-22,52433,18.9517,-99.5605,1,0,0,0,0,0
2020-04-22,55146,19.5189,-99.0236,1,0,0,0,0,0
2020-04-22,45069,20.6955,-103.455,1,0,0,0,0,0
2020-04-22,55490,19.5443,-99.0743,1,0,0,0,0,0
2020-04-22,11619,19.4351,-99.2297,1,0,0,0,0,0
2020-04-22,76340,21.3746,-99.3315,1,0,0,0,0,0
2020-04-22,53490,19.4649,-99.2635,2,0,1,0,0,0
2020-04-22,45180,20.6991,-103.615,2,0,0,0,0,1
2020-04-22,44600,20.6355,-103.35,3,0,0,0,0,0
2020-04-22,11400,19.454,-99.1799,6,0,0,0,0,0
2020-04-22,10200,19.3265,-99.2255,3,0,0,0,0,0
2020-04-22,43816,19.8606,-98.9438,3,0,0,0,0,0
2020-04-22,72770,19.0583,-98.3243,1,0,0,0,0,0
2020-04-22,54890,19.72,-99.137,1,0,0,0,0,0
2020-04-22,14250,19.3752,-99.2017,9,0,0,0,0,0
2020-04-22,54473,19.5977,-99.277,2,0,0,0,0,0
2020-04-22,52920,19.5818,-99.2235,1,0,0,0,0,0
2020-04-22,14650,19.2665,-99.17,7,0,0,0,0,0
2020-04-22,54720,19.6373,-99.2112,8,1,0,0,0,0
2020-04-22,55220,19.5298,-99.0512,4,0,0,0,0,0
2020-04-22,55530,19.5515,-99.059,1,0,0,0,0,0
2020-04-22,44220,20.6413,-103.348,1,0,0,0,0,0
2020-04-22,16600,19.2555,-99.0473,1,0,0,0,0,0
2020-04-22,52928,19.5899,-99.2438,2,1,0,0,0,0
2020-04-22,53570,19.457,-99.2545,2,0,0,0,0,0
2020-04-22,11840,19.4043,-99.1928,0,1,0,0,0,0
2020-04-22,56585,19.3337,-98.8704,3,0,1,0,0,0
2020-04-22,54743,19.6367,-99.2077,5,0,0,0,0,0
2020-04-22,13419,19.2761,-99.2232,2,0,0,0,0,0
2020-04-22,55238,19.4971,-99.0211,1,0,0,0,0,0
2020-04-22,44760,20.6471,-103.346,1,0,0,0,0,0
2020-04-22,55107,19.5594,-99.0292,1,0,0,0,0,0
2020-04-22,90886,19.1406,-98.1915,0,0,1,0,0,0
2020-04-22,54160,19.5272,-99.1734,1,0,0,0,0,0
2020-04-22,54090,19.5167,-99.1983,2,1,0,0,0,0
2020-04-22,43823,19.8446,-98.9521,1,0,1,0,0,0
2020-04-22,90401,19.425,-98.118,0,1,0,0,0,0
2020-04-22,14310,19.2955,-99.1521,1,0,0,0,0,0
2020-04-22,51109,19.1811,-100.295,0,0,0,0,0,1
2020-04-22,14050,19.294,-99.1624,1,0,0,0,0,0
2020-04-22,10400,19.3177,-99.2233,1,0,0,0,0,0
2020-04-22,16020,19.2713,-99.1327,2,1,0,0,0,0
2020-04-22,14449,19.2697,-99.1752,0,1,0,0,0,0
2020-04-22,44440,20.7074,-103.299,1,0,0,0,0,0
2020-04-22,15740,19.4137,-99.0782,2,0,0,0,0,0
2020-04-22,45130,20.8346,-103.447,7,0,0,0,0,1
2020-04-22,37970,21.086,-100.156,1,0,0,0,0,0
2020-04-22,13270,19.2875,-99.06,1,0,0,0,0,0
2020-04-22,54477,19.6184,-99.2761,1,0,0,0,0,0
2020-04-22,57120,19.4837,-99.0586,1,0,0,0,0,0
2020-04-22,10600,19.3094,-99.2505,1,0,1,0,0,0
2020-04-22,52924,19.5938,-99.2244,2,0,0,0,0,0
2020-04-22,45700,20.4226,-103.59,1,0,0,0,0,0
2020-04-22,45560,20.5633,-103.4,2,0,0,0,0,0
2020-04-22,54050,19.535,-99.2155,1,0,0,0,0,0
2020-04-22,55705,19.6222,-99.1052,3,0,0,0,0,0
2020-04-22,55796,19.7123,-99.0791,4,0,0,0,0,0
2020-04-22,53420,19.4586,-99.2717,1,0,0,0,0,0
2020-04-22,76267,20.6459,-100.276,1,0,0,0,0,0
2020-04-22,45150,20.7897,-103.399,1,0,0,0,0,0
2020-04-22,11450,19.448,-99.1887,3,0,0,0,0,0
2020-04-22,14720,19.2507,-99.226,1,0,0,0,0,0
2020-04-22,44720,20.6396,-103.349,2,0,0,0,0,1
2020-04-22,62736,18.884,-98.9971,2,0,0,0,0,0
2020-04-22,99322,22.6543,-102.993,1,0,0,0,0,0
2020-04-22,52504,19.1805,-99.4975,0,1,0,0,0,0
2020-04-22,45638,20.5753,-103.331,1,0,0,0,0,0
2020-04-22,16797,19.2436,-99.0928,2,0,0,0,0,0
2020-04-22,14739,19.2616,-99.2375,1,0,0,0,0,0
2020-04-22,43845,20.0109,-98.7807,3,0,0,0,0,0
2020-04-22,55010,19.6239,-99.0782,3,0,0,0,0,0
2020-04-22,53713,19.4712,-99.2927,1,0,0,0,0,0
2020-04-22,54850,19.6692,-99.1747,3,0,0,0,0,0
2020-04-22,45402,20.6149,-103.215,4,0,0,0,0,0
2020-04-22,55718,19.6433,-99.0929,3,0,0,0,0,0
2020-04-22,54753,19.6244,-99.2008,1,0,0,0,0,0
2020-04-22,56618,19.2998,-98.9503,1,0,0,0,0,0
2020-04-22,54913,19.6241,-99.17,2,0,0,0,0,0
2020-04-22,56615,19.2805,-98.9499,2,0,0,0,0,0
2020-04-22,15310,19.4522,-99.1124,1,0,0,0,0,0
2020-04-22,14388,19.1983,-99.2063,1,0,0,0,0,0
2020-04-22,44350,20.6664,-103.311,1,0,0,0,0,0
2020-04-22,76030,20.7011,-100.46,2,0,0,0,0,0
2020-04-22,45030,20.7136,-103.462,3,0,0,0,0,0
2020-04-22,56566,19.3364,-98.8709,0,1,0,0,0,0
2020-04-22,45413,20.6298,-103.246,2,0,0,0,0,0
2020-04-22,16010,19.2713,-99.1212,1,0,0,0,0,0
2020-04-22,76080,20.6352,-100.452,1,0,0,0,0,0
2020-04-22,76127,20.6769,-100.429,2,0,0,0,0,0
2020-04-22,45403,20.5429,-103.307,3,0,0,0,0,0
2020-04-22,44370,20.676,-103.336,1,0,0,0,0,0
2020-04-22,55090,19.5823,-99.0371,2,0,0,0,0,0
2020-04-22,44740,20.6456,-103.346,1,0,0,0,0,0
2020-04-22,45588,20.5949,-103.298,2,0,0,0,0,0
2020-04-22,54949,19.6276,-99.1358,1,1,0,0,0,0
2020-04-22,55339,19.5212,-99.0623,2,0,0,0,0,0
2020-04-22,52994,19.5209,-99.251,2,0,0,0,0,0
2020-04-22,14080,19.3296,-99.1708,3,0,1,0,0,0
2020-04-22,15420,19.4484,-99.101,2,0,0,0,0,0
2020-04-22,56315,19.5805,-98.9319,1,0,0,0,0,0
2020-04-22,45600,20.5726,-103.409,2,0,0,0,0,0
2020-04-22,45066,20.7189,-103.465,2,1,0,0,0,0
2020-04-22,45655,20.5333,-103.433,1,0,0,0,0,0
2020-04-22,76060,20.594,-100.291,1,0,0,0,0,0
2020-04-22,53260,19.4946,-99.2731,2,0,0,0,0,0
2020-04-22,45609,20.5788,-103.396,2,0,0,0,0,0
2020-04-22,56490,19.3436,-98.9747,3,0,0,0,0,0
2020-04-22,66052,25.8151,-100.293,1,0,0,0,0,0
2020-04-22,54680,19.8282,-99.2037,3,0,0,0,0,0
2020-04-22,52789,19.3944,-99.304,2,0,0,0,0,0
2020-04-22,57420,19.3898,-99.0236,2,0,0,0,0,0
2020-04-22,54170,19.5123,-99.1627,2,0,0,0,0,0
2020-04-22,54946,19.6069,-99.1852,1,0,0,0,0,0
2020-04-22,11560,19.4343,-99.1933,1,0,0,0,0,1
2020-04-22,54130,19.5505,-99.1725,0,0,1,0,0,1
2020-04-22,56430,19.3659,-98.974,3,0,0,0,0,0
2020-04-22,80184,24.6438,-107.263,1,0,0,0,0,0
2020-04-22,14200,19.3004,-99.2192,3,0,0,0,0,0
2020-04-22,55736,19.6157,-99.101,2,0,1,0,0,0
2020-04-22,44390,20.6599,-103.294,2,0,0,0,0,0
2020-04-22,10300,19.3139,-99.2575,4,0,0,0,0,0
2020-04-22,10340,19.269,-99.2684,2,0,0,0,0,0
2020-04-22,55310,19.5265,-99.0744,3,0,0,0,0,0
2020-04-22,55056,19.6065,-99.024,1,0,0,0,0,0
2020-04-22,57740,19.3924,-99.0277,2,0,0,0,0,0
2020-04-22,55064,19.6114,-98.9927,2,0,0,0,0,0
2020-04-22,16050,19.2547,-99.1063,2,0,0,0,0,0
2020-04-22,55100,19.5572,-99.0327,3,0,0,0,0,0
2020-04-22,38187,20.5526,-100.584,1,0,0,0,0,0
2020-04-22,55640,19.8131,-99.0424,0,0,1,0,0,0
2020-04-22,11830,19.4076,-99.1969,2,0,0,0,0,0
2020-04-22,44290,20.6355,-103.35,2,0,0,0,0,0
2020-04-22,11490,19.4456,-99.1956,0,1,0,0,0,0
2020-04-22,56420,19.3643,-98.9844,1,0,0,0,0,0
2020-04-22,76220,20.7269,-100.442,4,0,0,0,0,0
2020-04-22,57410,19.4157,-99.0481,4,1,0,0,0,0
2020-04-22,55635,19.8102,-99.0524,3,0,0,0,0,0
2020-04-22,14376,19.293,-99.1391,2,0,0,0,0,0
2020-04-22,45407,20.6319,-103.133,0,1,0,0,0,0
2020-04-22,56624,19.2047,-98.96,1,0,0,0,0,0
2020-04-22,13120,19.2989,-99.0245,1,0,0,0,0,0
2020-04-22,52966,19.5626,-99.2626,2,0,0,0,0,0
2020-04-22,11280,19.4573,-99.1955,1,0,0,0,0,0
2020-04-22,16429,19.2501,-99.0908,1,0,0,0,0,0
2020-04-22,53138,19.5194,-99.2428,1,0,0,0,0,0
2020-04-22,42995,19.8879,-99.2342,2,0,0,0,0,0
2020-04-22,45500,20.5592,-103.431,1,0,0,0,0,0
2020-04-22,52979,19.5611,-99.2658,0,1,0,0,0,0
2020-04-22,56036,19.5585,-98.8763,1,0,0,0,0,0
2020-04-22,52005,19.3019,-99.482,2,0,0,0,0,0
2020-04-22,44810,20.6599,-103.294,3,0,0,0,0,0
2020-04-22,14426,19.2752,-99.1867,1,0,0,0,0,0
2020-04-22,44160,20.6734,-103.358,1,0,0,0,0,0
2020-04-22,52930,19.5501,-99.3046,3,0,0,0,0,0
2020-04-22,13050,19.2677,-98.9958,1,0,0,0,0,0
2020-04-22,52945,19.5624,-99.2433,2,0,0,0,0,0
2020-04-22,56524,19.3675,-98.9568,2,0,1,0,0,0
2020-04-22,76224,20.7649,-100.511,2,0,0,0,0,0
2020-04-22,45618,20.5745,-103.353,2,0,0,0,0,0
2020-04-22,76235,20.6159,-100.485,1,0,0,0,0,0
2020-04-22,16000,19.2566,-99.0709,2,0,0,0,0,0
2020-04-22,44280,20.6355,-103.35,2,0,0,0,0,0
2020-04-22,54474,19.602,-99.2841,1,0,0,0,0,0
2020-04-22,15520,19.4387,-99.083,5,0,0,0,0,0
2020-04-22,53370,19.4785,-99.2396,1,0,0,0,0,0
2020-04-22,13546,19.2298,-99.0084,1,0,0,0,0,0
2020-04-22,11800,19.4043,-99.1928,3,0,0,0,0,0
2020-04-22,54830,19.7158,-99.1564,2,0,0,0,0,0
2020-04-22,91026,19.5439,-96.8883,2,0,0,0,0,0
2020-04-22,91045,19.5227,-96.9155,1,0,0,0,0,0
2020-04-22,15020,19.4092,-99.0819,2,0,0,0,0,0
2020-04-22,91163,19.5293,-96.8766,1,0,0,0,0,0
2020-04-22,91174,19.5602,-96.8742,1,0,0,0,0,0
2020-04-22,91096,19.5187,-96.8822,1,0,0,0,0,0
2020-04-22,57500,19.4468,-99.1285,3,1,0,0,0,0
2020-04-22,76230,20.721,-100.419,4,0,0,1,0,0
2020-04-22,54173,19.4851,-99.1129,1,0,0,0,0,0
2020-04-22,57200,19.4319,-99.0388,4,0,0,0,0,1
2020-04-22,56644,19.2717,-98.8317,2,0,0,0,0,0
2020-04-22,55000,19.6015,-99.0363,5,1,0,0,0,0
2020-04-22,91097,19.5569,-96.8858,1,0,0,0,0,0
2020-04-22,43740,20.0258,-98.2882,2,0,0,0,0,0
2020-04-22,14260,19.2852,-99.2091,3,0,0,0,0,0
2020-04-22,91726,19.1735,-96.2012,1,0,0,0,0,0
2020-04-22,34307,24.0393,-104.609,0,0,1,0,0,0
2020-04-22,15000,19.4127,-99.0879,3,0,0,0,0,0
2020-04-22,57430,19.4101,-99.0556,1,0,0,0,0,0
2020-04-22,63157,21.5453,-104.839,1,0,0,0,0,0
2020-04-22,56512,19.3746,-98.9334,1,0,0,0,0,0
2020-04-22,15430,19.4467,-99.0914,1,0,0,0,0,0
2020-04-22,45650,20.5014,-103.429,1,0,2,0,0,0
2020-04-22,54435,19.6164,-99.3363,3,0,0,0,0,0
2020-04-22,62450,18.9149,-99.2147,1,0,0,0,0,0
2020-04-22,10100,19.3313,-99.2117,1,0,0,0,0,0
2020-04-22,14100,19.2759,-99.243,1,0,1,0,0,0
2020-04-22,52929,19.6018,-99.227,2,0,0,0,0,0
2020-04-22,16200,19.2533,-99.1115,0,1,0,0,0,1
2020-04-22,44730,20.6406,-103.348,1,0,0,0,0,0
2020-04-22,10830,19.3031,-99.2349,1,0,0,0,0,0
2020-04-22,45136,20.7369,-103.428,2,0,0,0,0,0
2020-04-22,55249,19.5147,-99.0255,1,1,0,0,0,0
2020-04-22,44950,20.643,-103.415,2,0,0,0,0,0
2020-04-22,91123,19.5106,-96.897,1,0,0,0,0,0
2020-04-22,52975,19.5528,-99.2397,3,0,0,0,0,0
2020-04-22,14269,19.2852,-99.2091,1,0,0,0,0,0
2020-04-22,54763,19.623,-99.1914,1,0,0,0,0,0
2020-04-22,52156,19.2406,-99.5827,1,0,0,0,0,0
2020-04-22,13360,19.3039,-99.0413,3,0,0,0,0,0
2020-04-22,53696,19.4795,-99.2594,2,1,0,0,0,0
2020-04-22,45426,20.5935,-103.194,1,0,0,0,0,0
2020-04-22,13099,19.2251,-98.9641,1,0,0,0,0,0
2020-04-22,56576,19.3222,-98.935,2,0,0,0,0,0
2020-04-22,11330,19.4484,-99.1692,1,0,0,0,0,0
2020-04-22,72550,19.0248,-98.2009,1,0,0,0,0,0
2020-04-22,55730,19.6005,-99.1512,2,0,0,0,0,0
2020-04-22,45593,20.611,-103.335,1,0,0,0,0,0
2020-04-22,55884,19.6256,-98.9438,1,0,0,0,0,0
2020-04-22,52779,19.4018,-99.2979,1,0,0,0,0,0
2020-04-22,76500,20.6992,-99.8151,2,0,0,0,0,0
2020-04-22,16038,19.3341,-99.139,6,0,0,0,0,0
2020-04-22,54400,19.616,-99.303,2,0,0,0,0,0
2020-04-22,53489,19.4603,-99.2165,1,0,0,0,0,0
2020-04-22,54150,19.5351,-99.175,2,0,0,0,0,0
2020-04-22,55404,19.5672,-99.0397,1,0,0,0,0,0
2020-04-22,11550,19.4343,-99.1933,2,0,0,0,0,0
2020-04-22,42083,20.0688,-98.7766,1,1,1,0,0,0
2020-04-22,56536,19.3025,-98.8631,1,0,0,0,0,0
2020-04-22,42440,20.5549,-99.5698,1,0,0,0,0,0
2020-04-22,56330,19.4216,-98.9504,0,1,0,0,0,0
2020-04-22,32575,31.6154,-106.381,6,0,0,0,0,0
2020-04-22,57718,19.3936,-99.0263,1,0,0,0,0,0
2020-04-22,14438,19.2737,-99.1785,1,0,0,0,0,0
2020-04-22,44970,20.6388,-103.424,1,0,0,0,0,0
2020-04-22,14020,19.3,-99.1889,1,0,0,0,0,0
2020-04-22,94140,19.0484,-97.0953,1,0,0,0,0,0
2020-04-22,86276,18.0585,-92.8142,1,0,0,0,0,0
2020-04-22,57170,19.4678,-99.0519,3,0,0,0,0,0
2020-04-22,76269,20.6419,-100.336,1,0,0,0,0,0
2020-04-22,54910,19.6359,-99.1299,4,0,0,0,0,0
2020-04-22,12300,19.1928,-99.0898,2,0,0,0,0,0
2020-04-22,45188,20.782,-103.523,1,0,0,0,0,0
2020-04-22,44930,20.6347,-103.434,1,0,0,0,0,0
2020-04-22,72194,19.0414,-98.2389,1,0,0,0,0,0
2020-04-22,72150,19.0673,-98.2516,1,0,0,0,0,0
2020-04-22,72120,19.077,-98.2465,2,0,0,0,0,0
2020-04-22,72114,19.1016,-98.2247,0,0,0,0,0,1
2020-04-22,72400,19.0409,-98.2306,1,0,0,0,0,0
2020-04-22,72200,19.0807,-98.1818,1,0,0,0,0,0
2020-04-22,64780,25.6822,-100.304,1,0,0,0,0,0
2020-04-22,11440,19.4489,-99.193,1,0,0,0,0,0
2020-04-22,38080,20.3809,-100.808,1,0,0,0,0,0
2020-04-22,38020,20.5457,-100.787,1,0,0,0,0,0
2020-04-22,56619,19.2874,-98.9444,4,0,0,0,0,0
2020-04-22,54416,19.6337,-99.299,2,0,0,0,0,0
2020-04-22,54190,19.5209,-99.1017,2,0,0,0,0,0
2020-04-22,55760,19.6831,-98.9909,1,0,0,0,0,0
2020-04-22,14643,19.2721,-99.1464,1,0,0,0,0,0
2020-04-22,94299,19.1502,-96.0992,1,0,0,0,0,0
2020-04-22,54948,19.6207,-99.1461,1,0,0,0,0,0
2020-04-22,11350,19.4548,-99.1688,0,1,0,0,0,0
2020-04-22,74053,19.2681,-98.4203,2,0,0,0,0,0
2020-04-22,76010,20.7052,-100.449,1,0,0,0,0,0
2020-04-22,53530,19.4624,-99.2559,3,0,0,0,0,0
2020-04-22,97305,21.0173,-89.5767,0,0,0,0,0,1
2020-04-22,12000,19.2192,-99.0739,2,0,0,0,0,0
2020-04-22,56563,19.3156,-98.9186,2,0,0,0,0,0
2020-04-22,55340,19.521,-99.0733,1,0,0,0,0,0
2020-04-22,55264,19.5082,-99.0233,1,0,0,0,0,0
2020-04-22,38115,20.5231,-100.854,0,1,0,0,0,0
2020-04-22,42444,20.5019,-99.6087,1,0,0,0,0,0
2020-04-22,52970,19.5572,-99.2576,3,0,0,0,0,0
2020-04-22,53640,19.4562,-99.2533,1,0,0,0,0,0
2020-04-22,55885,19.6209,-98.9227,2,0,0,0,0,1
2020-04-22,91779,19.1698,-96.1873,1,0,0,0,0,0
2020-04-22,52947,19.58,-99.2288,5,0,0,0,0,0
2020-04-22,55515,19.5668,-99.0641,0,1,0,0,0,0
2020-04-22,11600,19.4545,-99.2022,2,0,0,0,0,0
2020-04-22,14420,19.2763,-99.1835,4,0,0,0,0,0
2020-04-22,91777,19.1685,-96.1843,0,1,0,0,0,0
2020-04-22,52977,19.5545,-99.2594,1,0,0,0,0,0
2020-04-22,52787,19.3971,-99.2783,1,0,0,0,0,0
2020-04-22,55087,19.5928,-99.0865,1,0,0,0,0,0
2020-04-22,54960,19.6833,-99.1278,1,0,0,0,0,0
2020-04-22,15810,19.4202,-99.1241,1,0,0,0,0,0
2020-04-22,54714,19.6883,-99.1824,2,0,0,0,0,0
2020-04-22,81369,25.8242,-109.0,1,0,0,0,0,0
2020-04-22,20525,22.1317,-102.541,0,1,0,0,0,0
2020-04-22,56344,19.39,-98.9698,0,0,1,0,0,0
2020-04-22,54187,19.5259,-99.1269,0,0,2,0,0,0
2020-04-22,13520,19.277,-99.0028,1,0,0,0,0,0
2020-04-22,91900,19.1857,-96.2215,1,1,0,0,0,0
2020-04-22,55030,19.5936,-99.0511,1,0,0,0,0,0
2020-04-22,53390,19.455,-99.2182,1,0,0,0,0,0
2020-04-22,52044,19.3301,-99.4567,2,0,0,0,0,0
2020-04-22,55248,19.5168,-99.0309,2,0,0,0,0,0
2020-04-22,55804,19.69,-98.8683,2,0,0,0,0,0
2020-04-22,15220,19.4529,-99.121,1,0,0,0,0,1
2020-04-22,54075,19.5855,-99.1701,0,1,0,0,0,0
2020-04-22,52998,19.5234,-99.2584,1,0,0,0,0,0
2020-04-22,40897,17.6934,-101.504,1,0,0,0,0,0
2020-04-22,20330,21.9192,-101.988,0,0,1,0,0,0
2020-04-22,62237,18.9559,-99.2343,1,0,0,0,0,0
2020-04-22,57510,19.409,-99.0291,1,0,0,0,0,0
2020-04-22,76185,20.6492,-100.405,1,0,0,0,0,0
2020-04-22,54879,19.6783,-99.1728,1,0,0,0,0,0
2020-04-22,54030,19.5501,-99.1917,3,0,1,0,0,0
2020-04-22,54760,19.6304,-99.2306,2,0,0,0,0,0
2020-04-22,62490,18.8922,-99.1611,1,0,0,0,0,0
2020-04-22,50458,19.7992,-99.875,2,0,0,0,0,0
2020-04-22,14610,19.2857,-99.1506,0,1,0,0,0,0
2020-04-22,10369,19.3027,-99.2699,2,0,0,0,0,0
2020-04-22,55016,19.6117,-99.0706,1,0,0,0,0,0
2020-04-22,45110,20.7214,-103.311,1,0,0,0,0,0
2020-04-22,52605,19.1707,-99.4518,1,0,0,0,0,0
2020-04-22,56390,19.4047,-98.8912,1,0,0,0,0,0
2020-04-22,14740,19.2701,-99.2211,1,0,0,0,0,0
2020-04-22,50584,19.7652,-99.6442,1,0,0,0,0,0
2020-04-22,55140,19.5209,-99.0286,1,1,0,0,0,0
2020-04-22,76024,20.7134,-100.342,1,0,0,0,0,0
2020-04-22,16607,19.2456,-99.0342,1,0,0,0,0,0
2020-04-22,53110,19.4985,-99.2632,1,0,0,0,0,0
2020-04-22,57900,19.4226,-99.0227,3,0,0,0,0,0
2020-04-22,56226,19.4641,-98.8704,1,1,0,0,0,0
2020-04-22,95270,18.7722,-95.785,1,1,0,0,0,0
2020-04-22,91870,19.2172,-96.2264,1,0,0,0,0,0
2020-04-22,53580,19.4628,-99.2518,1,0,0,0,0,0
2020-04-22,53227,19.5037,-99.2792,1,0,0,0,0,0
2020-04-22,15390,19.4407,-99.1088,1,0,0,0,0,0
2020-04-22,15630,19.4259,-99.0697,2,0,0,0,0,0
2020-04-22,52764,19.379,-99.3169,1,0,0,0,0,0
2020-04-22,29130,16.8162,-93.2979,0,0,1,0,0,0
2020-04-22,91850,19.216,-96.2351,0,0,0,1,0,0
2020-04-22,57140,19.4791,-99.0592,1,0,0,0,0,0
2020-04-22,11300,19.4365,-99.1747,1,0,0,0,0,0
2020-04-22,54414,19.5699,-99.309,1,0,0,0,0,0
2020-04-22,56620,19.2148,-98.902,1,0,0,0,0,0
2020-04-22,91700,19.181,-96.1429,1,0,0,0,0,0
2020-04-22,15290,19.4332,-99.1202,0,0,1,0,0,0
2020-04-22,54040,19.5474,-99.2063,6,0,0,0,0,0
2020-04-22,14480,19.2593,-99.1741,1,0,0,0,0,0
2020-04-22,16800,19.2321,-99.1198,1,0,0,0,0,0
2020-04-22,54958,19.6007,-99.174,3,0,0,0,0,0
2020-04-22,14490,19.2349,-99.1801,1,0,0,0,0,0
2020-04-22,54985,19.6642,-99.1011,1,0,0,0,0,0
2020-04-22,86281,18.0367,-92.9021,1,0,0,0,0,0
2020-04-22,11700,19.4419,-99.197,1,0,0,0,0,0
2020-04-22,15750,19.4115,-99.0766,1,0,0,0,0,0
2020-04-22,13209,19.2994,-99.0353,1,0,0,0,0,0
2020-04-22,16080,19.2456,-99.0342,1,0,0,0,0,0
2020-04-22,55520,19.5697,-99.0904,1,0,0,0,0,0
2020-04-22,11650,19.4034,-99.234,1,0,0,0,0,0
2020-04-22,43994,19.7991,-98.4816,1,0,1,0,0,0
2020-04-22,76147,20.659,-100.378,2,0,0,0,0,0
2020-04-22,20304,22.039,-102.234,1,0,0,0,0,0
2020-04-22,20234,21.8767,-102.188,1,0,0,0,0,0
2020-04-22,54943,19.6067,-99.1717,1,0,0,0,0,0
2020-04-22,10378,19.3155,-99.2516,1,0,0,0,0,0
2020-04-22,39047,17.4897,-99.5714,1,0,0,0,0,0
2020-04-22,55187,19.5513,-99.0274,1,0,0,0,0,0
2020-04-22,63643,22.0493,-105.354,1,0,0,0,0,0
2020-04-22,79525,21.946,-100.859,1,0,0,0,0,0
2020-04-22,36765,20.5812,-101.15,1,0,0,0,0,0
2020-04-22,62460,18.9127,-99.1987,1,0,0,0,0,0
2020-04-22,62493,18.8922,-99.1611,1,0,0,0,0,0
2020-04-22,58270,19.6881,-101.167,1,0,0,0,0,0
2020-04-22,78396,22.1397,-100.932,1,0,0,0,0,0
2020-04-22,42354,20.6382,-99.3762,1,0,0,0,0,0
2020-04-22,45643,20.4966,-103.46,1,0,0,0,0,0
2020-04-22,58893,19.768,-101.139,1,0,0,0,0,0
2020-04-22,44298,20.6355,-103.35,1,0,0,0,0,0
2020-04-22,81249,25.8248,-109.036,1,0,0,0,0,0
2020-04-22,14400,19.252,-99.1708,3,0,0,0,0,0
2020-04-22,14410,19.2848,-99.1825,1,0,0,0,0,0
2020-04-22,32540,31.6829,-106.371,2,0,0,0,0,0
2020-04-22,43760,20.0402,-98.3691,1,0,0,0,0,0
2020-04-22,10910,19.2883,-99.243,1,0,0,0,0,0
2020-04-22,37000,21.1946,-100.818,1,0,1,0,0,0
2020-04-22,37408,21.1169,-101.726,0,0,1,0,0,0
2020-04-22,66023,25.7872,-100.453,1,0,0,0,0,0
2020-04-22,25295,25.2534,-100.989,1,0,0,0,0,0
2020-04-22,52988,19.5379,-99.253,1,0,0,0,0,0
2020-04-22,77734,20.5343,-87.1822,1,0,0,0,0,0
2020-04-22,11460,19.4452,-99.1872,1,0,0,0,0,0
2020-04-22,62553,18.8931,-99.1783,1,0,0,0,0,0
2020-04-22,44300,20.6615,-103.298,1,0,0,0,0,0
2020-04-22,64019,25.7334,-100.332,1,0,0,0,0,0
2020-04-22,34139,24.3128,-104.338,1,0,0,0,0,0
2020-04-22,72620,19.1676,-98.3076,1,0,0,0,0,0
2020-04-22,45920,20.2998,-103.263,3,0,0,0,0,0
2020-04-22,56605,19.2728,-98.8878,1,0,0,0,0,0
2020-04-22,51412,18.8832,-100.169,1,0,0,0,0,0
2020-04-22,28860,19.1216,-104.357,1,0,0,0,0,0
2020-04-22,37400,21.1143,-101.734,1,0,0,0,0,0
2020-04-22,54430,19.6293,-99.4226,2,0,0,0,0,0
2020-04-22,32510,31.7228,-106.43,1,0,0,0,0,0
2020-04-22,97000,20.9875,-89.7174,2,0,0,0,0,0
2020-04-22,49314,19.8814,-103.615,1,0,0,0,0,0
2020-04-22,62748,18.853,-98.9769,1,0,0,0,0,0
2020-04-22,88700,25.7975,-98.4213,1,0,0,0,0,0
2020-04-22,64800,25.6449,-100.311,1,0,0,0,0,0
2020-04-22,37550,21.089,-101.66,2,0,0,0,0,0
2020-04-22,78722,23.5942,-100.598,1,0,0,0,0,0
2020-04-22,76130,20.6165,-100.435,1,0,0,0,0,0
2020-04-22,37279,21.1226,-101.651,1,0,0,0,0,0
2020-04-22,94287,19.0671,-96.1343,0,0,1,0,0,0
2020-04-22,69006,17.8139,-97.8068,1,0,0,0,0,0
2020-04-22,67900,23.6014,-100.24,1,0,0,0,0,0
2020-04-22,90114,19.3051,-98.2662,1,1,0,0,0,0
2020-04-22,50904,19.3459,-99.7523,1,0,0,0,0,0
2020-04-22,98607,22.7601,-102.491,1,0,0,0,0,0
2020-04-22,37545,21.0793,-101.62,1,0,0,0,0,0
2020-04-22,53695,19.4413,-99.2955,1,0,0,0,0,0
2020-04-22,78320,22.1492,-100.959,2,0,0,0,0,0
2020-04-22,72660,19.1233,-98.3653,1,0,0,0,0,0
2020-04-22,13080,19.277,-99.0028,1,0,0,0,0,0
2020-04-22,88769,25.965,-98.3307,1,0,0,0,0,0
2020-04-22,25088,25.2375,-101.054,1,0,0,0,0,0
2020-04-22,55029,19.6232,-99.055,1,1,0,0,0,0
2020-04-22,16030,19.2744,-99.1169,2,0,0,0,0,0
2020-04-22,31136,28.7424,-106.211,2,0,0,0,0,0
2020-04-22,45599,20.609,-103.336,1,0,1,0,0,0
2020-04-22,74040,19.3043,-98.4314,1,0,0,0,0,0
2020-04-22,66550,25.8928,-100.398,1,0,0,0,0,0
2020-04-22,23089,24.0925,-110.353,1,0,0,0,0,0
2020-04-22,67202,25.7461,-100.253,1,0,0,0,0,0
2020-04-22,30799,14.8966,-92.3018,1,0,0,0,0,0
2020-04-22,24810,20.1323,-90.1495,1,0,0,0,0,0
2020-04-22,32563,31.6196,-106.415,1,0,0,0,0,0
2020-04-22,62469,18.9127,-99.1987,0,1,0,0,0,0
2020-04-22,37297,21.0956,-101.627,1,0,0,0,0,0
2020-04-22,97345,21.0891,-89.5205,1,0,0,0,0,0
2020-04-22,88730,26.0571,-98.3778,1,0,0,0,0,0
2020-04-22,21386,32.5639,-115.429,1,0,1,0,0,0
2020-04-22,25019,25.1019,-101.112,1,0,0,0,0,0
2020-04-22,68240,17.175,-96.8414,0,0,1,0,0,0
2020-04-22,45590,20.6049,-103.339,0,0,0,0,0,1
2020-04-22,22253,32.4444,-116.822,0,0,1,0,0,0
2020-04-22,14240,19.2832,-99.2198,1,0,0,0,0,0
2020-04-22,61600,19.5159,-101.609,1,0,0,0,0,0
2020-04-22,98610,22.7429,-102.515,0,0,1,0,0,0
2020-04-22,50000,19.297,-99.6664,3,0,0,0,0,0
2020-04-22,80000,24.61,-107.389,2,0,0,0,0,0
2020-04-22,45129,20.7842,-103.462,1,0,0,0,0,0
2020-04-22,86000,18.0163,-92.9004,1,0,0,0,0,0
2020-04-22,14040,19.2984,-99.1625,1,0,0,0,0,0
2020-04-22,25500,27.1323,-101.319,1,0,0,0,0,0
2020-04-22,46500,20.7653,-104.099,1,0,0,0,0,0
2020-04-22,36263,20.9508,-101.3,1,0,0,0,0,0
2020-04-22,57620,19.399,-99.0446,1,0,0,0,0,0
2020-04-22,97320,21.3047,-89.6634,2,0,0,0,0,0
2020-04-22,89430,22.2795,-97.8284,1,0,0,0,0,0
2020-04-22,36365,20.9783,-101.822,1,0,0,0,0,0
2020-04-22,31200,28.9135,-106.274,1,0,0,0,0,0
2020-04-22,68300,18.0153,-96.1797,1,0,0,0,0,0
2020-04-22,55600,19.7707,-99.0766,1,0,0,0,0,0
2020-04-22,54100,19.5373,-99.1635,1,0,0,0,0,0
2020-04-22,32587,31.631,-106.398,1,0,0,0,0,0
2020-04-22,55870,19.6341,-98.9305,1,0,0,0,0,0
2020-04-22,55628,19.8211,-99.1278,2,0,0,0,0,0
2020-04-22,81290,25.7921,-109.034,1,0,0,0,0,0
2020-04-22,63000,21.5212,-104.932,1,0,0,0,0,0
2020-04-22,21230,32.3841,-114.922,0,0,1,0,0,0
2020-04-22,45615,20.5719,-103.363,1,0,0,0,0,0
2020-04-22,92650,20.4582,-98.3501,1,0,0,0,0,0
2020-04-22,62130,18.9569,-99.2663,1,0,0,0,0,0
2020-04-22,52000,19.3148,-99.4912,1,0,0,0,0,0
2020-04-22,91140,19.5328,-96.8912,1,0,0,0,0,0
2020-04-22,91080,19.5439,-96.8883,1,0,0,0,0,0
2020-04-22,38010,20.469,-100.787,3,0,0,0,0,0
2020-04-22,15210,19.4579,-99.1223,1,0,0,0,0,0
2020-04-22,32599,31.5536,-106.415,2,0,0,0,0,0
2020-04-22,34150,24.2417,-104.432,1,0,0,0,0,0
2020-04-22,42040,20.1147,-98.756,2,0,0,0,0,0
2020-04-22,53320,19.4712,-99.2927,2,0,0,0,0,0
2020-04-22,55816,19.6863,-98.8707,1,0,0,0,0,0
2020-04-22,45405,20.6395,-103.241,1,0,0,0,0,0
2020-04-22,45187,20.7834,-103.52,1,0,0,0,0,0
2020-04-22,15270,19.447,-99.1256,1,0,0,0,0,1
2020-04-22,38930,20.2552,-100.957,1,0,0,0,0,0
2020-04-22,30500,16.0328,-93.7152,2,0,0,0,0,0
2020-04-22,37296,21.1248,-101.608,2,0,0,0,0,0
2020-04-22,68010,17.1058,-96.7343,1,0,0,0,0,0
2020-04-22,48325,20.6882,-105.153,1,1,0,0,0,0
2020-04-22,44977,20.6485,-103.401,1,0,0,0,0,0
2020-04-22,34227,24.0976,-104.716,1,0,0,0,0,0
2020-04-22,72680,19.1341,-98.2834,1,0,0,0,0,0
2020-04-22,32695,31.5689,-106.462,2,0,0,0,0,0
2020-04-22,32674,31.6015,-106.466,1,0,0,0,0,0
2020-04-22,27290,25.5388,-103.332,1,1,0,0,0,0
2020-04-22,56589,19.318,-98.8387,0,0,0,0,0,1
2020-04-22,52140,19.2093,-99.5978,3,0,0,0,0,0
2020-04-22,94900,18.7355,-96.7652,1,0,0,0,0,0
2020-04-22,36370,21.0478,-101.641,1,0,0,0,0,0
2020-04-22,20126,21.9921,-102.206,1,0,0,0,0,0
2020-04-22,55400,19.5683,-99.0476,1,0,0,0,0,0
2020-04-22,89280,22.2213,-97.8782,1,0,0,0,0,0
2020-04-22,55118,19.5671,-99.0221,1,0,0,0,0,0
2020-04-22,45753,20.2986,-103.505,1,0,0,0,0,0
2020-04-22,55665,19.9625,-99.1729,1,0,0,0,0,0
2020-04-22,55200,19.5218,-99.0687,1,0,0,0,0,0
2020-04-22,56373,19.4104,-98.8903,1,0,0,0,0,0
2020-04-22,97203,20.9758,-89.618,1,0,0,0,0,0
2020-04-22,63737,20.8263,-105.271,1,0,0,0,0,0
2020-04-22,52176,19.2639,-99.6136,2,0,0,0,0,0
2020-04-22,66357,25.7862,-100.358,1,0,0,0,0,0
2020-04-22,44230,20.6456,-103.346,2,0,0,0,0,0
2020-04-22,47882,20.3722,-102.749,1,0,0,0,0,0
2020-04-22,37965,21.1721,-100.337,1,0,0,0,0,0
2020-04-22,58118,19.7232,-101.219,1,0,0,0,0,0
2020-04-22,83400,32.0171,-114.351,1,0,0,0,0,0
2020-04-22,67125,25.7216,-100.284,1,0,0,0,0,0
2020-04-22,59250,20.3387,-102.282,1,0,0,0,0,0
2020-04-22,54944,19.6167,-99.1638,1,0,0,0,0,0
2020-04-22,45235,20.6651,-103.456,1,0,0,0,0,0
2020-04-22,47860,20.3926,-102.772,1,0,0,0,0,0
2020-04-22,50265,19.3274,-99.6637,1,0,0,0,0,0
2020-04-22,50755,19.6293,-99.8212,1,0,0,0,0,0
2020-04-22,91698,19.1304,-96.179,0,0,0,0,0,1
2020-04-22,97115,21.1019,-89.6764,1,0,0,0,0,0
2020-04-22,90014,19.3916,-98.2522,1,0,0,0,0,0
2020-04-22,90670,19.3362,-98.1791,1,0,0,0,0,0
2020-04-22,37238,21.1471,-101.628,1,0,0,0,0,0
2020-04-22,57460,19.4033,-99.0529,2,0,0,0,0,0
2020-04-22,96350,17.9947,-94.6125,1,0,0,0,0,0
2020-04-22,48318,20.6623,-105.23,1,0,0,0,0,0
2020-04-22,50100,19.301,-99.6887,5,0,0,0,0,0
2020-04-22,52925,19.5813,-99.2339,1,0,0,0,0,0
2020-04-22,66644,25.7617,-100.186,1,0,0,0,0,0
2020-04-22,52996,19.5799,-99.2394,1,0,0,0,0,0
2020-04-22,91152,19.5197,-96.8946,1,0,0,0,0,0
2020-04-22,54694,19.8267,-99.2626,1,0,0,0,0,0
2020-04-22,20000,21.8734,-102.281,1,0,0,0,0,0
2020-04-22,25016,25.2082,-101.099,1,0,0,0,0,0
2020-04-22,72320,19.0395,-98.1508,1,0,0,0,0,0
2020-04-22,66499,25.753,-100.278,1,0,0,0,0,0
2020-04-22,48708,19.8914,-104.041,1,0,0,0,0,0
2020-04-22,50290,19.3575,-99.5843,2,0,0,0,0,0
2020-04-22,27000,25.549,-103.381,1,0,0,0,0,0
2020-04-22,22125,32.4303,-116.901,1,0,0,0,0,0
2020-04-22,52148,19.246,-99.5719,1,0,0,0,0,0
2020-04-22,54070,19.5354,-99.1825,1,0,0,0,0,0
2020-04-22,55765,19.6684,-98.9955,1,0,0,0,0,0
2020-04-22,64350,25.7408,-100.397,1,0,0,0,0,0
2020-04-22,31115,28.7386,-106.211,1,0,0,0,0,0
2020-04-22,31170,28.7137,-106.209,0,0,0,0,0,1
2020-04-22,45850,20.3775,-103.213,1,0,0,0,0,0
2020-04-22,88710,25.9454,-98.3291,1,0,0,0,0,0
2020-04-22,37100,21.0853,-101.589,1,0,0,0,0,0
2020-04-22,42186,20.0707,-98.729,3,0,0,0,0,0
2020-04-22,50260,19.2504,-99.6706,1,0,1,0,0,0
2020-04-22,72350,19.0327,-98.1479,1,0,0,0,0,0
2020-04-22,58194,19.6645,-101.259,1,0,0,0,0,0
2020-04-22,31203,28.8103,-106.133,1,0,0,0,0,0
2020-04-22,66473,25.7355,-100.216,1,0,0,0,0,0
2020-04-22,36680,20.6169,-101.316,1,0,0,0,0,0
2020-04-22,25740,26.9235,-101.279,1,0,0,0,0,0
2020-04-22,76177,20.5974,-100.432,1,0,0,0,0,0
2020-04-22,54770,19.7439,-99.1854,1,0,0,0,0,0
2020-04-22,63735,20.7408,-105.272,1,0,0,0,0,0
2020-04-22,24010,19.7528,-90.4561,1,0,0,0,0,0
2020-04-22,91500,19.4994,-97.0898,1,0,0,0,0,0
2020-04-22,80140,24.5549,-107.392,1,0,0,0,0,0
2020-04-22,97330,21.2962,-89.5987,1,0,0,0,0,0
2020-04-22,20907,21.9627,-102.321,1,0,0,0,0,0
2020-04-22,54476,19.629,-99.3015,1,0,0,0,0,0
2020-04-22,45412,20.6256,-103.235,0,1,0,0,0,0
2020-04-22,44260,20.6507,-103.345,2,0,0,0,0,0
2020-04-22,41390,17.4781,-98.4781,1,0,0,0,0,0
2020-04-22,54600,19.719,-99.2868,2,0,0,0,0,0
2020-04-22,25904,25.6193,-100.971,1,0,0,0,0,0
2020-04-22,66636,25.7763,-100.239,1,0,0,0,0,0
2020-04-22,55117,19.5687,-99.0235,1,0,0,0,0,0
2020-04-22,52170,19.2295,-99.6156,1,0,0,0,0,0
2020-04-22,28979,19.287,-103.736,1,0,0,0,0,0
2020-04-22,43660,20.0737,-98.3741,1,0,0,0,0,0
2020-04-22,89450,22.25,-97.8,1,0,0,0,0,0
2020-04-22,23940,27.689,-113.579,3,0,0,0,0,0
2020-04-22,74120,19.2873,-98.4292,1,0,0,0,0,0
2020-04-22,54987,19.6694,-99.1212,1,1,0,0,0,0
2020-04-22,98680,22.4543,-102.343,1,0,0,0,0,0
2020-04-22,52900,19.5579,-99.2568,2,0,0,0,0,0
2020-04-22,20196,21.9109,-102.264,2,0,0,0,0,0
2020-04-22,55615,19.8286,-99.0812,1,0,0,0,0,0
2020-04-22,98612,22.8384,-102.374,1,0,0,0,0,0
2020-04-22,42780,20.1802,-99.2094,1,0,0,0,0,0
2020-04-22,39043,17.55,-99.4882,1,0,0,0,0,0
2020-04-22,57750,19.3873,-99.0194,2,0,0,0,0,0
2020-04-22,50450,19.81,-99.846,2,0,0,0,0,0
2020-04-22,98613,22.7545,-102.484,1,0,0,0,0,0
2020-04-22,31124,28.9383,-106.405,1,0,0,0,0,0
2020-04-22,37390,21.1186,-101.644,1,0,0,0,0,0
2020-04-22,31104,28.6617,-105.951,2,0,0,0,0,0
2020-04-22,67050,25.7259,-99.169,1,0,0,0,0,0
2020-04-22,54198,19.5435,-99.1402,1,0,0,0,0,0
2020-04-22,53310,19.479,-99.2255,1,0,0,0,0,0
2020-04-22,20190,21.6858,-102.451,1,0,0,0,0,0
2020-04-22,38019,20.4254,-100.827,1,0,0,0,0,0
2020-04-22,64290,25.7483,-100.342,1,0,0,0,0,0
2020-04-22,56540,19.3253,-98.9392,0,0,1,0,0,0
2020-04-22,25750,26.9122,-101.272,3,0,0,0,0,0
2020-04-22,91100,19.5439,-96.8883,2,0,0,0,0,0
2020-04-22,57138,19.458,-99.0309,1,0,0,0,0,0
2020-04-22,45190,20.7739,-103.421,2,0,0,0,0,1
2020-04-22,58210,19.6443,-101.255,1,0,0,0,0,0
2020-04-22,54980,19.6726,-99.12,2,0,0,0,0,0
2020-04-22,67257,25.6468,-100.121,1,0,0,0,0,0
2020-04-22,57530,19.4226,-99.0227,1,0,0,0,0,0
2020-04-22,20130,21.7806,-102.348,1,0,0,0,0,0
2020-04-22,62730,18.9026,-98.9717,1,0,0,0,0,0
2020-04-22,77500,20.9908,-86.9392,1,0,1,0,0,0
2020-04-22,77560,21.0878,-86.8471,1,0,0,0,0,0
2020-04-22,15300,19.4407,-99.1088,1,0,0,0,0,1
2020-04-22,94274,19.0667,-96.1345,0,1,0,0,0,0
2020-04-22,72570,19.008,-98.1978,1,0,0,0,0,0
2020-04-22,55739,19.6245,-99.0935,1,0,0,0,0,0
2020-04-22,22207,32.3617,-116.737,1,0,0,0,0,0
2020-04-22,36595,20.7046,-101.403,1,0,0,0,0,0
2020-04-22,36040,21.0297,-101.287,1,0,0,0,0,0
2020-04-22,20266,21.784,-102.227,1,0,0,0,0,0
2020-04-22,20269,21.8461,-102.27,1,0,0,0,0,0
2020-04-22,16880,19.3459,-99.1708,1,0,0,0,0,0
2020-04-22,44340,20.6567,-103.286,2,0,0,0,0,0
2020-04-22,21030,31.7438,-115.137,1,0,0,0,0,0
2020-04-22,77536,20.6547,-87.0695,1,0,0,0,0,0
2020-04-22,89140,22.32,-97.897,1,0,0,0,0,0
2020-04-22,24300,18.4717,-91.7037,1,0,0,0,0,0
2020-04-22,21339,32.1422,-115.259,1,0,0,0,0,0
2020-04-22,22840,31.6484,-116.414,1,0,0,0,0,0
2020-04-22,97302,21.1015,-89.6437,1,0,1,0,0,0
2020-04-22,77538,20.8603,-86.9832,1,0,0,0,0,0
2020-04-22,47800,20.3722,-102.749,1,0,0,0,0,0
2020-04-22,64740,25.681,-100.45,1,0,0,0,0,0
2020-04-22,77528,21.1996,-86.8811,1,0,0,0,0,0
2020-04-22,83160,28.8064,-111.102,1,0,0,0,0,0
2020-04-22,13300,19.2997,-99.0356,2,0,0,0,0,0
2020-04-22,58096,19.6683,-101.205,1,0,0,0,0,0
2020-04-22,78280,22.141,-100.988,1,0,0,0,0,0
2020-04-22,20059,21.8197,-102.236,1,0,0,0,0,0
2020-04-22,21800,32.3666,-115.005,1,0,0,0,0,0
2020-04-22,42330,20.7529,-99.3657,1,0,0,0,0,0
2020-04-22,50266,19.261,-99.709,1,0,0,0,0,0
2020-04-22,20016,21.9262,-102.313,1,0,0,0,0,0
2020-04-22,52710,19.2141,-99.4642,1,0,0,0,0,0
2020-04-22,48500,20.3289,-103.84,1,0,0,0,0,0
2020-04-22,91180,19.5273,-96.8926,1,0,0,0,0,0
2020-04-22,22117,32.5054,-116.762,1,0,0,0,0,0
2020-04-22,44630,20.6355,-103.35,1,0,0,0,0,0
2020-04-22,80010,24.601,-107.404,1,0,0,0,0,0
2020-04-22,76087,20.6384,-100.452,1,0,0,0,0,0
2020-04-22,62360,18.9146,-99.2114,1,0,0,0,0,0
2020-04-22,72560,19.0166,-98.189,1,0,0,0,0,0
2020-04-22,67170,25.734,-100.239,1,0,0,0,0,0
2020-04-22,11850,19.4043,-99.1928,3,0,0,0,0,0
2020-04-22,53229,19.4837,-99.3034,1,0,0,0,0,0
2020-04-22,55280,19.4938,-99.0389,2,0,0,0,0,0
2020-04-22,32420,31.7348,-106.408,1,0,0,0,0,0
2020-04-22,44710,20.6456,-103.346,1,0,0,0,0,0
2020-04-22,56250,19.45,-98.8727,1,0,0,0,0,0
2020-04-22,62240,18.9504,-99.223,1,0,0,0,0,0
2020-04-22,56343,19.399,-98.9593,1,0,0,0,0,0
2020-04-22,23000,24.1244,-110.296,1,0,0,0,0,0
2020-04-22,13250,19.2952,-99.0586,1,0,0,0,0,0
2020-04-22,22435,32.468,-116.804,1,0,0,0,0,0
2020-04-22,54660,19.7772,-99.2129,2,0,0,0,0,0
2020-04-22,14360,19.2953,-99.1119,1,0,0,0,0,0
2020-04-22,45404,20.6407,-103.23,1,0,0,0,0,0
2020-04-22,55783,19.6671,-99.0686,2,0,0,0,0,0
2020-04-22,25720,26.9724,-101.343,1,0,0,0,0,0
2020-04-22,45060,20.7949,-103.494,2,0,0,0,0,0
2020-04-22,22116,32.5135,-116.772,1,0,0,0,0,0
2020-04-22,45429,20.609,-103.156,1,0,0,0,0,0
2020-04-22,38050,20.4969,-100.789,1,0,0,0,0,0
2020-04-22,50200,19.3624,-99.6311,1,0,0,0,0,0
2020-04-22,62320,18.9637,-99.1878,1,0,0,0,0,0
2020-04-22,25000,25.211,-101.056,1,0,0,0,0,0
2020-04-22,64102,25.7751,-100.391,2,0,0,0,0,0
2020-04-22,37358,21.1562,-101.725,1,0,0,0,0,0
2020-04-22,38800,20.0838,-101.223,1,0,0,0,0,0
2020-04-22,77710,20.6296,-87.079,1,0,0,0,0,0
2020-04-22,86690,18.0604,-93.2283,1,0,0,0,0,0
2020-04-22,16810,19.3155,-99.115,1,0,0,0,0,0
2020-04-22,60180,19.3905,-102.072,1,0,0,0,0,0
2020-04-22,67165,25.7158,-100.255,1,0,0,0,0,0
2020-04-22,54010,19.576,-99.1889,0,0,0,0,0,1
2020-04-22,58116,19.7177,-101.208,2,0,0,0,0,0
2020-04-22,44450,20.676,-103.336,1,0,0,0,0,0
2020-04-22,77518,21.0472,-86.8816,2,0,0,0,0,0
2020-04-22,52953,19.559,-99.2413,1,0,0,0,0,0
2020-04-22,20230,21.8151,-102.168,1,0,0,0,0,0
2020-04-22,56000,19.5928,-98.9108,0,0,0,1,0,0
2020-04-22,45234,20.691,-103.464,1,0,0,0,0,0
2020-04-22,64460,25.705,-100.284,1,0,0,0,0,0
2020-04-22,50214,19.3081,-99.639,1,0,0,0,0,0
2020-04-22,23472,23.0256,-109.871,1,0,0,0,0,0
2020-04-22,31650,28.5857,-105.896,1,0,0,0,0,0
2020-04-22,39250,17.3779,-99.2172,1,0,0,0,0,0
2020-04-22,89130,22.2802,-97.8954,1,0,0,0,0,0
2020-04-22,37207,21.1577,-101.646,2,0,0,0,0,0
2020-04-22,54449,19.6438,-99.3811,1,0,0,0,0,0
2020-04-22,50400,19.9163,-100.004,1,0,0,0,0,0
2020-04-22,94530,18.9178,-96.9542,1,0,0,0,0,0
2020-04-22,58240,19.6834,-101.22,1,0,1,0,0,0
2020-04-22,58244,19.6992,-101.16,1,0,0,0,0,0
2020-04-22,45594,20.611,-103.335,1,0,0,0,0,0
2020-04-22,31020,28.8258,-106.085,1,0,0,0,0,0
2020-04-22,93240,20.5329,-97.4511,6,0,0,0,0,0
2020-04-22,95670,18.0816,-95.456,1,0,0,0,0,0
2020-04-22,11820,19.4043,-99.1928,1,0,0,0,0,0
2020-04-22,77533,20.8566,-86.9592,1,0,0,0,0,0
2020-04-22,32250,31.623,-106.5,1,0,0,0,0,0
2020-04-22,94310,18.8644,-97.1127,1,0,0,0,0,0
2020-04-22,90145,19.328,-98.303,1,0,0,0,0,0
2020-04-22,76020,20.7144,-100.349,1,0,0,0,0,0
2020-04-22,21290,32.6291,-115.422,1,0,0,0,0,0
2020-04-22,52147,19.2192,-99.582,1,0,0,0,0,0
2020-04-22,45620,20.5837,-103.29,2,0,0,0,0,0
2020-04-22,20064,21.8734,-102.281,1,0,0,0,0,0
2020-04-22,67100,25.7304,-100.241,1,0,0,0,0,0
2020-04-22,83067,29.2386,-110.878,1,0,0,0,0,0
2020-04-22,42800,20.0642,-99.3766,1,0,0,0,0,0
2020-04-22,45239,20.6218,-103.444,1,0,0,0,0,0
2020-04-22,89416,22.2648,-97.8142,1,0,0,0,0,0
2020-04-22,24158,18.6202,-91.5207,1,0,0,0,0,0
2020-04-22,44987,20.6347,-103.434,1,0,0,0,0,0
2020-04-22,16720,19.2738,-99.0874,2,0,0,0,0,0
2020-04-22,77516,21.0542,-86.8486,1,0,3,0,0,0
2020-04-22,92810,20.9042,-97.4275,1,0,0,0,0,0
2020-04-22,11480,19.4453,-99.1992,1,0,0,0,0,0
2020-04-22,88177,27.501,-99.6143,1,0,0,0,0,0
2020-04-22,42119,20.0502,-98.7963,1,0,0,0,0,0
2020-04-22,76912,20.5371,-100.444,1,0,0,0,0,0
2020-04-22,16034,19.3341,-99.139,1,0,0,0,0,0
2020-04-22,63136,21.539,-105.008,1,0,0,0,0,0
2020-04-22,77723,20.6865,-87.0699,1,0,0,0,0,0
2020-04-22,20200,21.8249,-102.327,1,0,0,0,0,0
2020-04-22,20259,21.9114,-102.254,1,0,0,0,0,0
2020-04-22,53224,19.5037,-99.2792,1,0,0,0,0,0
2020-04-22,60000,19.3791,-102.088,1,0,0,0,0,0
2020-04-22,78183,22.1667,-101.033,1,0,0,0,0,0
2020-04-22,42184,20.0974,-98.713,1,0,0,0,0,0
2020-04-22,10010,19.269,-99.2684,1,0,0,0,0,0
2020-04-22,40160,18.2843,-99.4665,1,0,0,0,0,0
2020-04-22,43646,20.0928,-98.3685,1,0,0,0,0,0
2020-04-22,40270,18.5518,-99.6101,1,0,0,0,0,0
2020-04-22,40314,18.5254,-99.6271,1,0,0,0,0,0
2020-04-22,54466,19.5966,-99.304,0,0,0,1,0,0
2020-04-22,20296,21.8098,-102.265,1,0,0,0,0,0
2020-04-22,60996,18.0863,-102.232,0,0,0,0,0,1
2020-04-22,58500,20.1157,-101.528,1,0,0,0,0,0
2020-04-22,56140,19.4716,-98.8276,1,0,0,0,0,0
2020-04-22,54459,19.6262,-99.369,1,0,0,0,0,0
2020-04-22,87300,25.8369,-97.3881,1,0,0,0,0,0
2020-04-22,56020,19.592,-98.9294,1,0,0,0,0,0
2020-04-22,14654,19.2603,-99.1803,2,0,0,0,0,0
2020-04-22,58260,19.6933,-101.17,0,1,0,0,0,0
2020-04-22,55067,19.5985,-99.0083,1,1,0,0,0,0
2020-04-22,55740,19.7111,-98.9699,0,1,0,0,0,0
2020-04-22,58760,19.9104,-102.006,1,0,0,0,0,0
2020-04-22,66075,25.7923,-100.343,1,0,0,0,0,0
2020-04-22,66072,25.8064,-100.342,1,0,0,0,0,0
2020-04-22,73080,20.2791,-97.9565,1,0,0,0,0,0
2020-04-22,58290,19.6823,-101.219,1,0,0,0,0,0
2020-04-22,50940,19.305,-99.7753,2,0,0,0,0,0
2020-04-22,76170,20.6763,-100.441,1,0,0,0,0,0
2020-04-22,62776,18.6856,-99.1365,0,0,1,0,0,0
2020-04-22,87600,24.9743,-98.0793,1,0,0,0,0,0
2020-04-22,77539,20.8748,-86.9893,1,0,0,0,0,0
2020-04-22,44330,20.6606,-103.296,0,0,0,0,0,2
2020-04-22,36545,20.6666,-101.315,1,0,0,0,0,0
2020-04-22,64610,25.7087,-100.378,1,0,0,0,0,0
2020-04-22,98060,22.7379,-102.616,1,0,0,0,0,0
2020-04-22,97120,20.9659,-89.6069,1,0,0,0,0,0
2020-04-22,68150,17.1021,-96.7241,1,0,0,0,0,0
2020-04-22,88020,27.4758,-99.6738,1,0,0,0,0,0
2020-04-22,72089,19.0604,-98.1977,1,0,0,0,0,0
2020-04-22,75740,18.4681,-97.4021,1,0,0,0,0,0
2020-04-22,41300,17.5353,-98.5949,1,0,0,0,0,0
2020-04-22,97217,20.8917,-89.65,1,0,0,0,0,0
2020-04-22,56214,19.5539,-98.845,1,0,0,0,0,0
2020-04-22,31350,28.9116,-106.257,1,0,0,0,0,0
2020-04-22,58020,19.6797,-101.233,0,0,0,0,0,1
2020-04-22,53800,19.5355,-99.286,1,0,0,0,0,0
2020-04-22,22663,32.4346,-116.974,1,0,0,0,0,0
2020-04-22,52918,19.5954,-99.2621,0,2,0,0,0,0
2020-04-22,45100,20.7868,-103.47,1,0,0,0,0,0
2020-04-22,66057,25.7935,-100.31,2,0,0,0,0,0
2020-04-22,77580,20.8417,-86.8824,1,0,0,0,0,0
2020-04-22,56640,19.2576,-98.8488,1,0,0,0,0,0
2020-04-22,22205,32.3648,-116.743,1,0,1,0,0,0
2020-04-22,66055,25.7801,-100.32,1,0,0,0,0,0
2020-04-22,66417,25.7577,-100.273,1,0,0,0,0,0
2020-04-22,23030,24.165,-110.446,2,0,0,0,0,0
2020-04-22,44320,20.6567,-103.286,1,0,0,0,0,0
2020-04-22,72260,19.0597,-98.181,1,0,0,0,0,0
2020-04-22,64368,25.7408,-100.397,1,0,0,0,0,0
2020-04-22,94472,18.9094,-96.9919,1,0,0,0,0,0
2020-04-22,20983,21.9439,-102.323,1,0,0,0,0,0
2020-04-22,81363,25.793,-108.998,1,0,0,0,0,0
2020-04-22,22054,32.4041,-116.82,0,0,0,0,0,1
2020-04-22,97138,20.9328,-89.5928,1,0,0,0,0,0
2020-04-22,20297,21.8558,-102.273,1,0,0,0,0,0
2020-04-22,91155,19.5439,-96.8883,1,0,0,0,0,0
2020-04-22,32330,31.675,-106.477,1,0,0,0,0,0
2020-04-22,36700,20.5636,-101.143,1,0,0,0,0,0
2020-04-22,13220,19.2381,-99.0124,1,0,0,0,0,0
2020-04-22,62389,18.9309,-99.1885,1,0,0,0,0,0
2020-04-22,27250,25.5058,-103.346,1,0,0,0,0,0
2020-04-22,62578,18.9236,-99.1676,2,0,0,0,0,0
2020-04-22,58160,19.7248,-101.274,1,0,0,0,0,0
2020-04-22,79020,21.9864,-99.0269,1,0,0,0,0,0
2020-04-22,90200,19.5652,-98.4217,2,0,0,0,0,0
2020-04-22,32546,31.6963,-106.377,1,0,0,0,0,0
2020-04-22,59620,20.0804,-102.351,2,0,0,0,0,0
2020-04-22,94390,18.8401,-97.0908,1,0,0,0,0,0
2020-04-22,32414,31.7436,-106.419,1,0,0,0,0,0
2020-04-22,43650,20.0943,-98.3795,1,0,0,0,0,0
2020-04-22,27446,25.5532,-103.221,0,0,0,0,0,1
2020-04-22,66633,25.7396,-100.199,1,0,0,0,0,0
2020-04-22,88743,26.0652,-98.3235,1,0,0,0,0,0
2020-04-22,31050,28.9619,-106.441,1,0,0,0,0,0
2020-04-22,36630,20.6826,-101.385,1,0,0,0,0,0
2020-04-22,58050,19.6756,-101.237,1,0,0,0,0,0
2020-04-22,42075,20.107,-98.7401,1,0,0,0,0,0
2020-04-22,52423,19.0131,-99.5519,1,0,0,0,0,0
2020-04-22,39890,16.8122,-99.8276,1,0,0,0,0,0
2020-04-22,53760,19.4649,-99.2639,2,0,0,0,0,0
2020-04-22,58127,19.6864,-101.245,1,0,0,0,0,0
2020-04-22,37769,20.9028,-100.742,1,0,0,0,0,0
2020-04-22,56440,19.3615,-98.9691,1,0,0,0,0,0
2020-04-22,13210,19.277,-99.0028,1,0,0,0,0,0
2020-04-22,22750,32.1091,-116.535,1,0,0,0,0,0
2020-04-22,56560,19.3294,-98.8561,1,0,0,0,0,0
2020-04-22,87270,23.7103,-99.1334,1,0,0,0,0,0
2020-04-22,23080,24.1371,-110.284,2,0,0,0,0,0
2020-04-22,63035,21.6554,-104.961,2,0,0,0,0,0
2020-04-22,22450,32.4678,-116.798,1,0,0,0,0,0
2020-04-22,93600,20.1133,-97.0271,1,0,0,0,0,0
2020-04-22,58000,19.7032,-101.192,1,0,1,0,0,0
2020-04-22,77083,18.5308,-88.3203,1,0,0,0,0,0
2020-04-22,94732,18.8419,-97.1415,1,0,0,0,0,0
2020-04-22,31100,28.5555,-106.169,1,0,0,0,0,0
2020-04-22,21355,32.5054,-115.404,1,0,0,0,0,0
2020-04-22,22183,32.4377,-116.822,1,0,0,0,0,0
2020-04-22,22465,32.4458,-116.791,1,0,0,0,0,0
2020-04-22,78216,22.2532,-100.917,1,0,0,0,0,0
2020-04-22,85260,27.5514,-110.083,1,0,0,0,0,0
2020-04-22,89260,22.2213,-97.8782,1,0,0,0,0,0
2020-04-22,62580,18.848,-99.2251,1,0,0,0,0,0
2020-04-22,37250,21.1337,-101.657,1,0,0,0,0,0
2020-04-22,58098,19.6711,-101.218,1,0,0,0,0,0
2020-04-22,63175,21.5208,-104.775,0,1,0,0,0,0
2020-04-22,47600,20.8711,-102.626,1,0,0,0,0,0
2020-04-22,50040,19.31,-99.6648,1,0,0,0,0,0
2020-04-22,48300,20.6666,-105.202,0,0,0,0,0,1
2020-04-22,97113,21.0654,-89.6743,1,0,0,0,0,0
2020-04-22,31184,28.7827,-106.154,1,0,0,0,0,0
2020-04-22,55714,19.6336,-99.0911,1,0,0,0,0,0
2020-04-22,52172,19.2476,-99.5895,1,0,0,0,0,0
2020-04-22,47614,20.8647,-102.575,1,0,0,0,0,0
2020-04-22,54386,19.8756,-99.6438,1,0,0,0,0,0
2020-04-22,37357,21.1464,-101.747,1,0,0,0,0,0
2020-04-22,58095,19.6602,-101.209,1,0,0,0,0,0
2020-04-22,58070,19.6666,-101.279,1,0,0,0,0,0
2020-04-22,50017,19.3088,-99.6726,1,0,0,0,0,0
2020-04-22,51200,19.1847,-100.101,1,0,0,0,0,0
2020-04-22,32400,31.6377,-106.45,1,0,0,0,0,0
2020-04-22,36100,20.9545,-101.456,1,0,0,0,0,0
2020-04-22,44210,20.6355,-103.35,1,0,0,0,0,0
2020-04-22,43803,19.8192,-98.9451,1,0,0,0,0,0
2020-04-22,36690,20.6851,-101.367,0,1,0,0,0,0
2020-04-22,53659,19.4459,-99.3514,1,0,0,0,0,0
2020-04-22,90740,19.2159,-98.2394,1,0,0,0,0,0
2020-04-22,82134,23.4199,-106.314,1,0,0,0,0,0
2020-04-22,82120,23.2892,-106.409,1,0,0,0,0,0
2020-04-22,78339,22.1366,-100.978,1,0,0,0,0,0
2020-04-22,38980,20.1306,-101.145,1,0,0,0,0,0
2020-04-22,20263,21.8546,-102.285,2,0,0,0,0,0
2020-04-22,54469,19.607,-99.306,1,0,0,0,0,0
2020-04-22,65510,25.9124,-100.273,0,0,1,0,0,0
2020-04-22,85900,26.7895,-109.59,1,0,0,0,0,0
2020-04-22,62440,18.9159,-99.2147,1,0,0,0,0,0
2020-04-22,36000,21.0177,-101.249,1,0,0,0,0,0
2020-04-22,44910,20.6622,-103.369,1,0,0,0,0,0
2020-04-22,56647,19.2299,-98.8172,1,0,0,0,0,0
2020-04-22,96536,18.1368,-94.4757,0,1,0,0,0,0
2020-04-22,87389,25.4051,-97.5456,1,0,0,0,0,0
2020-04-22,75520,18.9818,-97.4406,1,0,0,0,0,0
2020-04-22,80247,24.5481,-107.421,1,0,0,0,0,0
2020-04-22,86108,18.0026,-92.9562,1,0,0,0,0,0
2020-04-22,78136,22.1099,-100.886,1,0,0,0,0,0
2020-04-22,79625,22.0021,-99.9919,1,0,0,0,0,0
2020-04-22,58195,19.6715,-101.236,1,0,0,0,0,0
2020-04-22,56700,19.2037,-98.7985,1,0,0,0,0,0
2020-04-22,55650,19.9058,-99.1367,1,0,0,0,0,0
2020-04-22,45630,20.6113,-103.444,1,0,0,2,0,0
2020-04-22,66634,25.7722,-100.241,1,0,0,0,0,0
2020-04-22,11230,19.4583,-99.2105,1,0,0,0,0,0
2020-04-22,34948,23.5392,-105.331,1,0,0,0,0,0
2020-04-22,68276,17.1221,-96.7424,1,0,0,0,0,0
2020-04-22,84090,31.2228,-110.976,1,0,0,0,0,0
2020-04-22,34000,24.2776,-104.393,1,0,0,0,0,0
2020-04-22,52967,19.56,-99.2506,1,0,0,0,0,0
2020-04-22,42070,20.1093,-98.7281,1,0,0,0,0,0
2020-04-22,14220,19.2748,-99.2186,1,0,0,0,0,0
2020-04-22,50075,19.2947,-99.654,1,0,0,0,0,0
2020-04-22,68040,17.125,-96.7392,1,0,0,0,0,0
2020-04-22,22204,32.3292,-116.686,0,0,1,0,0,0
2020-04-22,22234,32.405,-116.8,0,0,1,0,0,0
2020-04-22,52927,19.5696,-99.2454,1,0,0,0,0,0
2020-04-22,52960,19.5643,-99.257,1,0,0,0,0,0
2020-04-22,26015,28.7221,-100.577,1,0,0,0,0,0
2020-04-22,42840,20.0414,-99.3417,1,0,0,0,0,0
2020-04-22,42020,20.123,-98.7507,1,0,0,0,0,0
2020-04-22,56363,19.4316,-98.9669,1,0,0,0,0,0
2020-04-22,87390,25.6751,-97.5701,1,0,0,0,0,0
2020-04-22,52990,19.5614,-99.2296,2,0,0,0,0,0
2020-04-22,37669,21.1776,-101.74,0,1,0,0,0,0
2020-04-22,32573,31.6421,-106.376,1,0,0,0,0,0
2020-04-22,28000,19.2417,-103.719,1,0,0,0,0,0
2020-04-22,20020,21.7967,-102.33,1,0,0,0,0,0
2020-04-22,66050,25.8055,-100.325,1,0,0,0,0,0
2020-04-22,52773,19.4157,-99.3257,1,0,0,0,0,0
2020-04-22,64100,25.7476,-100.369,1,0,0,0,0,0
2020-04-22,22666,32.4718,-116.862,1,0,0,0,0,0
2020-04-22,37180,21.1298,-101.638,1,0,0,0,0,0
2020-04-22,66600,25.7833,-100.185,2,0,0,0,0,0
2020-04-22,97307,20.984,-89.6395,1,0,0,0,0,0
2020-04-22,32130,31.5487,-106.543,0,0,1,0,0,0
2020-04-22,68310,18.0679,-96.1157,0,1,0,0,0,0
2020-04-22,46530,20.7421,-104.165,1,0,0,0,0,0
2020-04-22,78432,22.2146,-100.898,1,0,0,0,0,0
2020-04-22,56538,19.3428,-98.7789,1,0,0,0,0,0
2020-04-22,56614,19.3038,-98.9385,0,1,0,0,0,0
2020-04-22,29000,16.7411,-93.1375,1,0,0,0,0,0
2020-04-22,93300,20.53,-97.4385,1,0,0,0,0,0
2020-04-22,20286,21.8518,-102.212,0,0,0,0,0,1
2020-04-22,54765,19.6177,-99.2286,0,0,1,0,0,0
2020-04-22,57930,19.3754,-98.9937,1,0,0,0,0,0
2020-04-22,78300,22.154,-100.962,1,0,0,0,0,0
2020-04-22,62480,18.9389,-99.2632,1,0,0,0,0,0
2020-04-22,72828,19.0198,-98.2982,1,0,0,0,0,0
2020-04-22,94733,18.8362,-97.1325,1,0,0,0,0,0
2020-04-22,56556,19.305,-98.9128,1,0,0,0,0,0
2020-04-22,83479,32.4207,-114.834,1,0,0,0,0,0
2020-04-22,29057,16.7436,-93.1507,1,0,0,0,0,0
2020-04-22,91158,19.5439,-96.8883,1,0,0,0,0,0
2020-04-22,63117,21.4637,-104.915,1,0,0,0,0,0
2020-04-22,56366,19.4394,-98.9634,0,0,0,0,0,1
2020-04-22,13093,19.277,-99.0028,1,0,0,0,0,0
2020-04-22,97197,20.895,-89.605,1,0,0,0,0,0
2020-04-22,58300,19.7127,-101.141,1,0,0,0,0,0
2020-04-22,39715,16.9254,-99.7539,1,0,0,0,0,0
2020-04-22,94240,19.0622,-96.4542,1,0,0,0,0,0
2020-04-22,42086,20.0982,-98.7574,1,0,0,0,0,0
2020-04-22,72540,19.044,-98.1959,1,0,0,0,0,0
2020-04-22,22180,32.4066,-116.746,1,0,0,0,0,0
2020-04-22,96520,18.1467,-94.4607,1,0,0,0,0,0
2020-04-22,13310,19.3456,-99.1329,1,0,0,0,0,0
2020-04-22,58336,19.6987,-101.325,1,0,0,0,0,0
2020-04-22,81000,25.5345,-108.558,1,0,0,0,0,0
2020-04-22,54950,19.5941,-99.1715,1,0,0,0,0,0
2020-04-22,36610,20.6751,-101.398,1,0,0,0,0,0
2020-04-22,70400,16.9169,-96.4448,1,0,0,0,0,0
2020-04-22,62000,18.9135,-99.2356,1,0,0,0,0,0
2020-04-22,44240,20.6355,-103.35,1,0,0,0,0,0
2020-04-22,52243,19.2078,-99.5538,1,0,0,0,0,0
2020-04-22,11370,19.4401,-99.1697,1,0,0,0,0,0
2020-04-22,83440,32.4437,-114.825,1,0,0,0,0,0
2020-04-22,50010,19.3696,-99.6511,1,0,0,0,0,0
2020-04-22,56555,19.305,-98.9128,1,0,0,0,0,0
2020-04-22,50080,19.3074,-99.6652,0,1,0,0,0,0
2020-04-22,22635,32.4049,-116.793,1,0,0,0,0,0
2020-04-22,63730,20.8082,-105.211,1,0,0,0,0,0
2020-04-22,94296,19.1158,-96.1133,1,0,0,0,0,0
2020-04-22,27023,25.4227,-103.337,1,0,0,0,0,0
2020-04-22,27440,25.5686,-103.297,1,0,0,0,0,0
2020-04-22,86127,18.0417,-92.8791,1,0,0,0,0,0
2020-04-22,32507,31.6245,-106.467,1,0,0,0,0,0
2020-04-22,52915,19.5804,-99.262,1,0,0,0,0,0
2020-04-22,55757,19.7508,-98.9831,1,0,0,0,0,0
2020-04-22,76804,20.3998,-99.9659,1,0,0,0,0,0
2020-04-22,15800,19.4072,-99.1241,0,0,0,0,0,1
2020-04-22,76099,20.6483,-100.376,1,0,0,0,0,0
2020-04-22,97117,21.0422,-89.6618,0,0,0,0,0,1
2020-04-22,20326,21.8873,-102.278,1,0,0,0,0,0
2020-04-22,55717,19.6417,-99.1124,1,0,0,0,0,0
2020-04-22,52766,19.3632,-99.3228,1,0,0,0,0,0
2020-04-22,10330,19.3191,-99.2566,1,0,0,0,0,0
2020-04-22,61060,19.8024,-100.178,1,0,0,0,0,0
2020-04-22,13319,19.311,-99.0421,1,0,0,0,0,0
2020-04-22,55295,19.4941,-99.031,0,0,1,0,0,0
2020-04-22,96579,18.1326,-94.3976,1,0,0,0,0,0
2020-04-22,96710,17.9185,-94.5269,1,0,0,0,0,0
2020-04-22,89318,22.3078,-97.8959,1,0,0,0,0,0
2020-04-22,57139,19.476,-99.0375,1,0,0,0,0,0
2020-04-22,96470,18.1362,-94.4553,1,0,0,0,0,0
2020-04-22,78049,22.1633,-100.991,1,0,0,0,0,0
2020-04-22,10020,19.269,-99.2684,1,0,0,0,0,0
2020-04-22,32600,31.5523,-106.497,1,0,0,0,0,0
2020-04-22,31370,28.8674,-106.273,1,0,0,0,0,0
2020-04-22,76650,20.6598,-99.8901,1,0,0,0,0,0
2020-04-22,55840,19.7122,-98.9043,1,0,0,0,0,0
2020-04-22,50090,19.297,-99.6664,1,0,0,0,0,0
2020-04-22,72130,19.0661,-98.2231,1,0,0,0,0,0
2020-04-22,72308,19.0652,-98.1416,1,0,0,0,0,0
2020-04-22,82185,23.2801,-106.424,1,0,0,0,0,0
2020-04-22,77506,20.9935,-86.9527,0,0,1,0,0,0
2020-04-22,52957,19.5647,-99.2217,1,0,0,0,0,0
2020-04-22,53660,19.458,-99.2565,1,0,0,0,0,0
2020-04-22,20180,21.8963,-102.267,1,0,0,0,0,0
2020-04-22,78318,22.1558,-100.959,1,0,0,0,0,0
2020-04-22,45065,20.7286,-103.468,1,0,0,0,0,0
2020-04-22,44840,20.5918,-103.322,1,0,0,0,0,0
2020-04-22,97314,21.0233,-89.6737,1,0,0,0,0,0
2020-04-22,50120,19.2718,-99.6737,1,0,0,0,0,0
2020-04-22,14248,19.2696,-99.2128,1,0,0,0,0,0
2020-04-22,88925,25.7779,-98.0653,1,0,0,0,0,0
2020-04-22,16100,19.2563,-99.1306,1,0,0,0,0,0
2020-04-22,42130,20.1293,-98.6689,1,0,0,0,0,0
2020-04-22,29080,16.7397,-93.1245,1,0,0,0,0,0
2020-04-22,62270,18.9439,-99.237,1,0,0,0,0,0
2020-04-22,52765,19.3849,-99.2834,1,0,0,0,0,0
2020-04-22,54109,19.5428,-99.1701,1,0,0,0,0,0
2020-04-22,45040,20.7776,-103.488,1,0,0,0,0,0
2020-04-22,64410,25.675,-100.298,1,0,0,0,0,0
2020-04-22,62556,18.8826,-99.1791,1,0,0,0,0,0
2020-04-22,75768,18.458,-97.4045,1,0,0,0,0,0
2020-04-22,53690,19.4517,-99.2654,1,0,0,0,0,0
2020-04-22,21140,32.1464,-115.341,1,0,0,0,0,0
2020-04-22,34050,23.952,-104.85,1,0,0,0,0,0
2020-04-22,90280,19.5563,-98.5247,1,0,0,0,0,0
